comment,predicted_sentiment,predicted_sentiment,num_likes,sub
학원을 없애든지 공교육을 없애라<br>찢어지게 가난한 부모 등골 빠진다,1 star,POSITIVE,0,0
"뼈빠지게 일해서 자녀교육에 바치고, 자녀들결혼 관계로 집팔고<br>몇푼 남은 돈으로 월세내고,  그나마 기초연금으로  풀칠하고 <br>몇푼준다는 일자리있으면 죽는다. 일하다가 쓰러지면 죽는 것.<br>이것이 한국 노인들의 모습입니다.<br>뼈다구까지 자식을 위하는 부모, 과연 이것이 부모로서 해야할 일인가?<br>이래서 무자식이 상팔자라 할 수 있습니다.",1 star,NEGATIVE,0,0
오건호씨 말씅이 너무 적절합니다<br>저도 66세 여자 독거인데 마음이 무겁습니다,2 stars,POSITIVE,0,0
노인이 빈곤해지지 않을려면 자식들보다 본인을 먼저 챙겨야 함,2 stars,POSITIVE,0,0
냉정하게 말해서 노후준비를 못했다는건 다 본인의 무능력함이고 핑계고 본인 능력 부족입니다. <br>지금 70대면 80~90년대 고도 성장기에 본인이 피나는 노력만 하면 부자될 기회가 엄청 많았습니다. <br>지금 70대면 베이비붐세대라 인구수도 가장 많고 고도성장기 산업화 1세대라 부자들도 가장 많은 세대입니다. <br>돈이 없다면 죽기 하루전까지 스스로 자가 호흡 가능하면 폐지를 줍든지 막노동이라도 하세요. 젊었을때 내가 잘 나갔었는데 하는 환상에서 깨어나시고요. 비루한 노인네들 공원에 죽치고 앉아서 장기나 두면 누가 돈 주나요?,2 stars,NEGATIVE,0,1
존엄사법. 만들어주세요.부탁입니다.,5 stars,POSITIVE,0,0
자식들키우고 결혼시키느라?또한 수명이   늘어서  큰 문제다.정말심각하다.정부는 존엄사법만들어주십시요.70여자?인데요.모든게 귀찮네요.음식도 맛이없고 떠나고 싶습니다.,1 star,POSITIVE,0,0
사회가 이런식으로 돌아가는데 왜 출산률 가지고 지랄이야!,1 star,POSITIVE,1,0
가난한 노인들의  천국 시키는 대로 일만 죽어라고 했는데 빈곤에 허덕이는 60대 70대 80대 그들은 누구의 책임인가 박정희 전두환 노태우인가 아니면 다른 누구인가,1 star,POSITIVE,0,0
"독거노인들을 위한 지원은 우리가 반드시 해야 합니다. 그들은 지나온 인생으로부터 많은 것을 가지고 있으며, 그들과 함께하는 시간은 소중하고 의미 있는 순간입니다. 우리는 그들의 지혜와 경험을 존중하고, 외로움을 덜어주며, 따뜻한 마음으로 돌봐주어야 합니다. 노년은 더욱 특별한 세월이기에, 우리는 그들의 행복을 위해 힘을 합쳐야 합니다.",5 stars,POSITIVE,0,0
국민연금도 고갈 돼가고 젊은세대는 더 부담이 돼가고 이러한 문제를 해결하기 위해선 외국인 고용보다 우선적으로 나이가 드신분들로 생각해야 하지 않을까요? 본인의 전공을 살려 주는것도 해결의 방법이고 외국인을 고용하면 어젠가 떠날 사람들이고 회사 차원이 아닌 국가 차원으로  생각해야 되지 않을까요.,1 star,POSITIVE,0,0
자식한테 다 퍼주지 마라,1 star,POSITIVE,0,0
노후준비는 젊을때부터 하는거임. 결국 노력의 차이임,4 stars,POSITIVE,1,1
집나간 돈은 절대 안들어온다. 멍청한 인간들아,2 stars,POSITIVE,1,1
"그렇게 될 것을 몰랐다고라? 아니,  은퇴후 수입처  준비를 했는지 않했는지를 어떻게 모를 수 있나? 40-65세 동안 담배끊고, 자전거 타고, 아껴서라도 연금저축 들고,  별도로 퇴직연금도 들고, 국민연금은 당연히 들었어야지. 필요하면 주택연금도 생각하고, 자식 대학 학비, 결혼자금 같은 밑빠진 독에 물붓기는 하지말고, 자식 미래는 지들이 알아서 계획하도록 했어야지........ 라고 후회가 들지?",1 star,NEGATIVE,0,1
자식넘겨준 본인탓해야지 없으면 없는 결혼해야지. 나라탓은,1 star,POSITIVE,0,1
낸게없는데 무슨 국민연금 기초연금도  감지덕지지 앞으로개선하면 되지 어쩔수없지 각자 정신차려라,1 star,POSITIVE,1,1
집나간 돈은 절대 안들어온다. 멍청한 인가들아,2 stars,POSITIVE,1,1
진작 자식을 끊었어야지.진작에 인맥을 끊었어야지.진작에 여자를 멀리했어야지  이제 후회하면  바보지.,1 star,POSITIVE,1,1
일평생 죽도록 일했지만 가난 합니다,1 star,POSITIVE,1,0
주머니에  돈이 없으니  그럴수 밖에 없죠 돈도없죠  부인도 없죠 자녀도 없죠 그렇다고 석열이가  돌봐줄꺼도 아니고 참으로 난감한 일입니다,1 star,POSITIVE,1,0
뭐저리 버벅거리냐? 침은 왜 자꾸 삼키냐.,2 stars,NEGATIVE,0,0
어르신말고 지하철 입구 지만 진입해서 자리 어디있나 둘러보는 길막충이라고 정의해라. 돌아다닐 능력 없으면서 버스 기어서 타서 의자에 탈때까지 3분걸리고 앉을때까지 대기하면 교통 신호 15분 늦어지는 일반인들 생각 안하는 노인네들 노인이라고 존중하지 마라.<br>앞에서 쌍욕 박아도 된다. 그래야 정신차리고 안 돌아다닌다. 지 몸무게도 지지 못하면서 싸돌아 다니면 일반인이 피해 입는다.,1 star,POSITIVE,1,1
연금 사기꾼 이런 정치 하지말자,1 star,POSITIVE,1,0
현재 70대 80대는 노후대비라는 필요성이 절실하지 않았을 때 입니다 하지만 이제 60대는 1988년부터 국민연금도 시작되었고 개인연금 퇴직연금 등 노후준비에 대한 필요성이 대두되었습니다<br>이 분들이 개인연금 퇴직연금 준비를 못한건 본인의 책잉이 큽니다 <br>내가 저축한 것만큼 노후에 돌려받을 수 있습니다,2 stars,POSITIVE,1,0
펴ㅣ지줏어<br>하루 삼천은 벌어닉가<br>진라면 사먹어.,1 star,NEGATIVE,2,0
분가시 도움을 받았을 텐데... 자기 자녀 교육비 땜에 부모를 방치 한다!?,2 stars,POSITIVE,1,0
그 많던 재산 다 어떻게 해서~ 자식 의지하는게 가장 큰 실수다! 자식은 그냥 짐이다~ 부부 둘이서 끝까지 인생 사는거다! 공부 어느정도 시켜 주었으면 그만!! 다 본인 잘못이다!!,2 stars,POSITIVE,1,1
재수없어 오래사는거야<br>거기다더재수없으면<br>욕망도줄지않고있다면<br>불행중 불행이지<br>일끈어지면 가는것이최고<br>인간에복지다<br>나는일끈어지면 갈거다<br>추한나를더살려고<br>버리적거리는 빚참함<br>안생기길기도해본다<br>사는동안 추해지지않기위해<br>양팔에석회가생겨<br>아파도 노동일<br>열심히한다 벌어 쓰는날까지만 안녕하고살거야,1 star,NEGATIVE,0,0
노인들이일할수있는기업육성필요?,3 stars,NEGATIVE,0,0
대학교육시켜줬으면 감지덕지해야지!<br>연로한 부모한테 뭘바라나!-_-,1 star,POSITIVE,2,0
연금금액이 낮은건 일을 얼마나 안한거냐 업보아니겠나,2 stars,POSITIVE,0,1
모순된 이야기 아니냐...  빈곤층이라는 것은 상대적인 것인데.. 누군가 빈곤해야 한다면 노인이 빈곤한게 맞지 않은가..   국가에서 몰아주지 않는다면 말이다..<br>누울 한평방바닥과 하루 두끼정도의 식사가 가능하면 됐지.. 노인이 얼마나 호사를 누리며 살아가야 하냐..  빈곤층이라고 해놓고 방마다 티비 있는거보면 북한이나 아프리카사람들이<br>보면 욕한다.<br><br>나의 인생목표는 한칸짜리 쪽방에서 고독사하는 거다.  그정도의 목표를 잡으면 불행할 거 하나 없어..,2 stars,NEGATIVE,0,0
독거노인들 갈곳이없어서 먹고살기가 힘드는데.민주당 국회의원 김남국은 새벽4시에 40억을 이체를했다고.. 세상이 어떻게 돌아가고있나? 이게 대한민국의 현주소라고..,1 star,POSITIVE,2,0
대학은 보내 주셨지만 과외 무분별하게 시키지 않고 필요한 지원만 해주고 노후 대책 준비해 두신 부모님께 지금 감사함. 내가 부모님 생활을 전혀 신경쓰지 않아도 되는 상황. 어릴 때 너희 삶은 너희가 알아서 하는거라고 하셨지만 정말 사랑해주셨고 내 힘으로 살아야 한다는 생각에 빡세게 공부함.,2 stars,NEGATIVE,1,0
인생 알수 없음. 내일이라도 교통사고로 죽을수 있다,1 star,POSITIVE,0,0
우리나라 부모님 너무 자식위주의 사고가 발생한 결과가 아니겠습니까  자고로  자식들은 성인이되면 스스로 살아갈수있늣 자립심이 중요 자식이 부모시는 시대는 지났고 사고도 변했다<br>내자식 오냐오냐할게 아니라 고기잡는방법을 교육해야지 고기를  잡아주는결과가 낳은 잘못된 현실  안타까울 뿐이다,1 star,POSITIVE,0,1
자식은 20살까지 만,5 stars,POSITIVE,1,0
요양원두 돈때문에 못가는 사람많아요,1 star,NEGATIVE,0,0
"시기꾼. 엄벌해야,,,",3 stars,NEGATIVE,0,0
그게부모지요.저두70십인데두하루14시간식7일합니다.ㅋㅋㅋ.자식잘돼면그게만족이지요.국고를거져빼먹구사는.국개보다야뿌듯합니다.ㅋㅋㅋ,1 star,POSITIVE,1,0
자식한테 다 퍼주고 본인은 빈곤층? 자식들이 문제인거 아님? 자식들은 부모님을 부양할 생각을 해야지. 진짜 불효자식이네요,1 star,POSITIVE,0,0
"젊을 때 일해서 모은돈으로 작은 집이라도 자기집은 무조건 하나 장만해서 거주 안정되게 만들어 놓고, 그 집은 절대 자식들에게 물려주는 것이 아닌, 노후 대비용 자산이라고 생각만 하면 다 해결되는 문제입니다.  그 집에 죽을때까지 살면서 주택연금 신청하면 매월 주택 연금 나옵니다.  거기에 노령연금이나 국민연금 더하면 일 안해도 생활비는 되죠.    죽을때까지 주택연금 받고서 죽고나면 그 집은 국가가 가져가는 것이니, 내가 번 돈으로 마련한 집 내가 다 쓰고 가는 것입니다.   <br>   그런데 노후 대책도 없이 내집마련도 안하거나, 또는 있었던 집 팔아서 자식들에게 돈 나눠줘 버리면 본인은 노후에 어떻게 삽니까? 자식들이 매월 생활비를 보태줄까요?  그러기도 어렵지만 설령 생활비를 준다해도 그게 과연 노인이 죽을때까지 매달 책임지고 줄까요?  설령 죽을때까지 준다한들 그걸 받는 노인 마음이 편할까요? 눈치는 또 얼마나 보이겠습니까?  <br>    그래서 차라리 자식들에게 내 돈 주지 않고 내 살길은 내가 알아서 하고 자식들은 교육 다 시켜서 취업까지 시켜줬으면 그 이후는 알아서 살도록 하는 것이 제일 좋습니다. 그게 바로 노후대책인 거죠.    물론 내집 빼고도 현금 여유가 있다면야  자식들에게 약간씩 도움을 준다면 더 좋겠죠..  하지만 그럴 여유가 없다면 괜히 무리해서 집까지 팔아가면서 자식들에게 줘선 안된다는 것입니다.    요새 젊은 사람들 어렵다 어렵다 말해도 좋은 회사 안다녀도 솔직히 맞벌이하면 월 600-700 이상 벌 수 있는 세상입니다.  쿠팡 배달해도 월급 400, 식당 서빙해도 300 주는 세상인데, 왜 못합니까?   그 정도 벌면 년으로 치면 8000 - 1억 사이입니다.  아껴쓰고 매년 4000 - 5000씩 저축하는 삶을 15년 정도 하면서 중간중간 목돈 생기면 전세 레버리지 끼고 집 장만해 놓고 다시 열심히 일하는 식으로 하면 누구나가 다 어느정도는 살 수 있습니다. 15년 그렇게 해봐야 아직 나이 40대입니다.   즉, 자식 세대들은 현재가 가장 어렵다 어렵다 하는데 다들 열심히 노력만 하면 먹고 사는데 아무런 문제 없는 세상입니다. 오히려 노인들이 젊었을 때가 오히려 양질의 일자리도 더 적고 일하고 싶어도 할 수 없어 길거리에 거지들이 그렇게 많던 시절입니다.  지금 어렵다 어렵다 하는 건 먹고 사는 것은 오히려 더 쉽지만, 잘 살게 되다 보니 보는 눈이 높아져서 더 좋은 집에 살고 더 좋은 차를 타고 싶고, 더 좋은 옷을 사서 입고 싶고, 자녀들 더 좋은 학원에 보내고 싶어서 생기는 욕심 때문일 뿐이죠.  그리고 워낙 잘사는 사람들이 많아지다 보니까 상대적인 박탈감에 쩔어 매일 한탄만 하는 이들의 말일 뿐입니다. 그런 한탄할 시간에 열심히 일하고 모으고 집을 사세요. 20년만 딱 그렇게 살면 그 이후에 걱정 없습니다.    <br>       따라서  노인들은 노후 빈곤에 빠지면서까지 자식들에게 본인이 평생 모아 산 집과 돈을 줄 필요 없다는 말입니다.  자식들이 못산다면 그건 온전히 자식들 책임인 거죠.",1 star,NEGATIVE,0,1
자녀한테 잘했으면 애가 부모봉양 안하겠냐 자기가 한대로 돌려받는거다,3 stars,POSITIVE,1,1
이게일명대한닌국의여으ㅏ도광견이인민울빨아펴먹눈사우스퍼투오부코라안페난슈라의미낯이냐?,1 star,NEGATIVE,0,0
동명이인,3 stars,POSITIVE,0,0
자식들한테 퍼주고 내가 궁핍하게 살것같으면 걍 무자식이 본인과 태어나지않을 아이에게 현명한 대처법이다,1 star,POSITIVE,0,0
자살율이 많아 지겠네요<br>자기살길 알아서 해야지요,2 stars,POSITIVE,0,1
이병신정부는 일자리정책도말아먹고 산아정책도말아먹고 노인주거도말아먹고 ㄱㅂㅅ같은정부샣기는 세금받아처먹어하는게뭐냐,1 star,POSITIVE,0,0
"아무리많아도 자식들한테 다주고나서, 없네, 하는것도 좀 웃기는일이고, 젊은사람들도 일자리가없어서<br>야단인데, 눍은사람들 일자리를 일부러 마련해 줘야한다는것도 논리에 맞지않고.",2 stars,POSITIVE,1,1
지금 20대도 집 하나사면 60살까지 빈곤층이다,2 stars,POSITIVE,0,0
좆가네 자식은 본인먼저 건사하고<br>해야지,1 star,POSITIVE,1,1
지랄들하고 자빠졌네 아니 노후가<br>바로 앞에 다가오는데 몰랐다는게<br>말이되냐,1 star,NEGATIVE,1,1
자식기대. 끝,4 stars,POSITIVE,0,1
이렇게 오래살지 모르고 60대때 자식이 40대라 뒷바라지 해주고 너무 오래살고 화폐가치가 떨어지고 물가오르고 자식들이 부양 안하는 시대겹친거지 슬프다,1 star,POSITIVE,0,0
사실 복지가 절대적으로 이점만 있는것은 아닙니다. 건강검진으로 미리 큰병 다 알아내고 의료보험 좋으리 항상 치료 받으니 죽지를 않아서 노인 인구만 폭발적으로 늘어나고 그 노인 인구가 많아지니 선거때 표을 의식해서 노인 복지 신경 쓰고 그러니 노인은 더 죽지 않고 노인들의 나라가 되어 가는 겁니다. 이 나라는 젊은 사람들에게는 희망이 없는 나라인것 같습니다.,2 stars,POSITIVE,0,0
"유교탈레반 시스템으로 인한 세계 유일의 고질적인 병폐. 조선의 기본 컨셉. 젊은 노예들은 맘껏 부려먹고 늙고 쓸모 없으면 버린다. 노예들은 도구니까. <br>그래서 가만 보면 청년들에게는 취업의 기회니 주거혜택이니 많은 기회를 주는 것처럼 보이지만 이것은 그저 잘 부려먹기 위한 시스템일 뿐. 그리고 늙고 쓸모 없어지면 말 그대로 숨만 쉬고 살수 있을 정도의 기초수급만 던져준다. 그래서 다른 선진국에서는 상상할 수 없는 나이제한이 여기저기에 산재해 있다. 영상의 노인들에게도 동등한 기회를 줬다면 저들이 저렇게 비참하게 살진 않겠지. <br>선진국에서 온 외국인들이 이러한 차별을 알면 눈이 휘둥그래지며 믿을 수 없다는 표정을 짓는다. <br>현재 청년들은 국가에서 이것저것 지원해 준다고 좋아하지? 지금 보고 있는 이 영상이 몇 십년 후의 당신들의 모습이다. 설마, 나는 아니겠지란 생각마라. 저 사람들도 본인들이 저렇게 될지 몰랐다고 증언하지 않니. 정부에서도 조선 노예들은 어차피 지금 현재만 중요시한다는 걸 알기 때문에 만든 시스템이고, 이 시스템은 너무나 기가 막히게 잘 먹히고 있다. 현재를 맘껏 즐기다 어느새 눈 떠 보니 노인이 돼서 이 시스템을 깨닫게 되지만 이미 때는 늦은 것. 그리고 이것은 현재도 계속 순환되고 있다. 학습 능력이 없는 조선인의 특징을 잘 이용한 시스템. <br>선진국? 선진국 안 가본 놈들이 맨날 선진국 타령하는데, 선진국 가서 노인들 어떻게 사는지 보고 와라. 천지차이다. <br>가두리 양식장에 태어난 게 죄다. 조선인들이 깨어나서 들어엎지 않는 한 악순환은 영원히 반복될거다.",1 star,POSITIVE,1,0
오래사는게  뭐가좋냐,3 stars,POSITIVE,0,1
젊은떄 국민연금 안넣었나?,1 star,NEGATIVE,0,1
"<a href=""https://www.youtube.com/watch?v=NnMnpX6HPtw&amp;t=6m10s"">6:10</a>   통계에 따라 다르지만    현제   자녀들이   부양 하고 있는 사례도 많다고 본다   100프로  신뢰 할수 없는 통계",3 stars,NEGATIVE,1,0
자식들한테 퍼 줄 필요없어요??,3 stars,POSITIVE,2,0
나도 저렇게 될텐데.  안락사 합법화좀요.,1 star,POSITIVE,1,0
"중.장년층이 된 자식에게 끝까지 올인하는 노년층이 많으니, 노후가 쓸쓸하고 빈곤한거지요.<br>자업자득입니다.",2 stars,POSITIVE,2,1
연방제 통일 되면  전재산 몰수 되고  강제 노역 하면서  수시로 감사 눈물 흘려야 한다  천하에 못된 인간도  금방 착해 진다고  - 밥 안 굶고 공짜  지하철 타고 놀러 다니는게 천국 일수도 있다고 생각을 바꿔 보면 행복해 지네,1 star,POSITIVE,0,0
독거 부모님들 홧팅하세요!,5 stars,POSITIVE,0,0
"인간 수명100세, 120세 마치 좋은 소식인 듯 뉴스나오는데 수명는다는데도 기쁘지 않더라고요. 한국 노인빈곤율 높은 편이고...사실 4050만 되도 다니던 직장나오면 재취업걱정에 먹고 살 걱정해야하잖아요. 이런 나라에서 60세 넘어서는 생활비 어떻게 해야할지...그리고 젊은 육체로 100세 사는 것도 아니고 예전보다야 관리하면 젊어보일진 몰라도 오래사니까 유병장수시대에 병원비 지출도 있을 거고. 치매나 다른 노인 병들도 예전에는 60세 이전에 대부분 사망해서 없던 병들이 오래사니까 생기는 것도 있을텐데 말이죠. 진짜 암출하더라고요. 그리고 노후에는 기후위기때문에 온도는 상승되어있고 재해는 많이 일어나는 세상일텐데 지금보다 복지는 좋은 세상도 아닐 거 같고요. 주름생기는 늙음 자체가 무서운게 아니라, 늙어서 생활비는 필요한데 아무도 안써주는 그런 사회적인 처우가 무서운 거 같아요. 지금 노인이신 분들은 이미 겪고 있는.....개인적인 노후도 노령화사회도 지금부터 계속 대책을 세워햐할거 같습니다.",2 stars,POSITIVE,0,0
지금 90년대생들 결혼 집 전부 포기하고 35쯤 되면 굶어뒤질사람 수두룩한데 무슨 청년한테 노인빈곤문제 관심을 가지라고 하는지?,1 star,POSITIVE,0,1
영상보니깐 사회시스템이나 제도 문제가 아니라 자녀섀끼들 문제고 그렇게 퍼주고 키운 노인들 스스로가 자처한 문제기도 한 듯.. 모시고 살기 싫으면 뭘 받지도 말든가 ㅅㅂ.. 되도 않는 사교육비 줄이고 더 이상 부모의 희생이 미덕이 아닌 자녀들 빨리 독립시키는 문화가 정착되어야 함..,1 star,NEGATIVE,1,1
5초,5 stars,POSITIVE,0,0
노인도 노인인데 연금으로 강제로 삥뜯지 말고 아래 세대들은 혜택도 못받는거 바꿔라 좀!!!!!!!!!!!!!!!!!!!!!!!!!!!!!!!!!!!!!!!!!!!!!!!!!!!!!!!!!!!!!!!!!!!<br><br>망할 정치가와 고위 군관계자들 월급만 줄여도 세금 어떻게든 뜯어내려고 안해도 돈 남아돌겠다!!!!!!!!!!!!!!!!!!!!!!!!!!!!!!!!!!!!!!!!!!!,1 star,POSITIVE,0,0
자식들주고 빈곤됐다고 어쩌라는건지 다시달라든지 누가주래<br>자식들재산다주고 세금으로 먹여살려달라는거여머여 다시달래라 앙,1 star,POSITIVE,0,1
부모님 노후자금 손대지마라.... 손댔으면 책임을 지던가....,1 star,POSITIVE,0,0
"우리 부모님 세대분들이 제일 고생 많이 하셨다. MZ가 더 살기 힘들다고 하는 놈들은 그냥 죽어 없어지는게 한국에 이롭다. 자식들을 위해서 다 퍼다주고, 노예같이 일해서 대한민국 190위에서 10위권으로 만들고 나이 드니 정부는 고위관료가 연금 다 쳐드시고, 공무원 월급올리고 잔뜩 뽑아서 더이상 드릴 돈도 없단다. MZ들은 190위에서 10위 만든게 부모님 벽돌 나르고 도로까고 건물 지은게 아니라, 자기들 수능 잘보고 삼전 들어가서 10위로 만들었다고 착각하면서 노인들 무시하는 나르시시스트밖에 없고, 부모 덕에 공부 할 수 있는 사회가 되어서, 공부 열심히 했더니 취직도 괜찮게 되었는데도 자식들은 부모는 1년에 한번 볼까말까 하고 용돈은 드리지도 않는다. 자식을 위해서 다 퍼다주고, 본인을 희생하였지만 자식은 자식이 잘되야 부모도 행복하다는 자식 본인의 개소리로, 그리고 그 희생한 분들의 심성고운 말씀을 악용해서 부모님에게 도움하나 드리지 않는 놈들이 전부다. 그래놓고 상속따위에 형제 자매끼리 싸우기나 하는 쓰레기들밖에 없다. 나는 연봉이 2억이 넘어도 번 돈 절반을 부모님 노후자금으로 드린다. 연봉이 많아도 그다지 부자처럼 살지도 않고, 부모님에게 조금이라도 도움을 드릴 수 있다는게 참 감사하다. 연봉이 2천만원이든, 2억이든 돈이 중요한게 아니라, 부모님이 저렇게 살고 계시면, 부모님께 받은 사랑이 있다면 자기 합리화로 부모 버리지 마라.",1 star,NEGATIVE,1,0
그러게 애새끼를 까고 키우냐,3 stars,POSITIVE,0,1
청년들은 실패시 또 기회가 있지만 노인들은 그 기회가 없다 사회에서 쓸모없다고 버린다는 느낌 자꾸 사회가 인간미를 잃어간다,1 star,POSITIVE,1,0
남일 같지 않음...,3 stars,POSITIVE,1,0
재산없고 건강이나쁜데  80대이상살면 재앙일수있음,1 star,POSITIVE,0,0
노인빈곤층이 될수밖에 없는구조죠.  집일집일만 했는데도 빚이생기는사회임,2 stars,POSITIVE,0,0
자식이 버리면 고려장이 될 수밖에,1 star,POSITIVE,0,0
결혼만 안하고 혼자살면 얼마든지 풍족하게 자유롭게 살수있다 다들 결혼이란 제도에 낚이지마라,2 stars,POSITIVE,0,0
지하철 택배 그거 좋네 ? 폐지줍는거 보다는 ?,2 stars,NEGATIVE,1,0
자식이 웬수네 ?<br>기초 노령연금 인상하라  !!!<br>150만원은 되야 살까말까  ?,1 star,POSITIVE,2,0
"시장에서 음식도 못사먹고, 안사먹던 박그네도 노인인가?  재벌 노인인 모양이던데!",1 star,POSITIVE,0,0
50프로. 두명중 한명꼴이라니.. 점점더 심해진다면 심해질텐데 우리의 미래가 될수도 있겠네요.,2 stars,POSITIVE,0,0
한국은 노인들이 살수있는 아파트를 지방 저렴한 곳에 수십만 가구를 지어야한다 그리고 그 비용은 거의 무료로 주고 전화비 전기비등을 대신 내줘야만 한다 돈을 더 올려주기 보다는 그런식의 지원을 해야한다 프랑스에서는 일대일 지원이 거의 다 이뤄진다 특히 주택은 무주택자 노인들을 위해 준비되 있다,2 stars,POSITIVE,1,0
"미국, 유럽, 이스라엘 젊은이들은 대학 학비, 용돈, 결혼자금, 자동차 심지어는 집 장만도 부모 돈 하나도 의지 안 하고 다 자기가 번 돈으로 해결한다더라...<br>그래서 선진국 노인들은 쌓아놓은 돈이 많아서 노년에 크루즈 타고 해외여행 많이 하는 것임.<br>우리나라 60대들이 퇴직하고 돈걱정하는 게 무엇 때문이겠어요? 힘들게 모은 돈 자식한테 다 쏟아부으니 남는 돈이 뭐가 있겠냐구요.",1 star,POSITIVE,1,0
아르바이트 부족하다고 난리던데 그런데는 안받아주나?,2 stars,NEGATIVE,0,0
그런곳도 노인은 안쓰려고하더라고요,1 star,POSITIVE,1,0
다ㅡ퍼  주  면 ㅡ됨   본 인  선 택 ㅡㅡㅋ,3 stars,POSITIVE,0,0
근데 왜 자식들에게 올인 하나요?  그리고 늦게 사업이나. 과도한 투자는 절대 안 되지?,3 stars,POSITIVE,0,0
빈곤층 늘어나는데 연금은 늦게주고 허울좋은 정년늘려주고 정년전에 짤리고 전전긍긍 살다가 연금 받으면 약값에 병원비내고 돈 모자라니 점점 더 가난해지지 존많고 여유로운 분들 대통령 국회의원 교수들 참 한심합니다 저분들 모셔다 저렇게 일년만 살면 저출산 이든 뭐든 싹다 해결될텐데,1 star,POSITIVE,0,0
우리나라는  말이좋아 선진국이지 아직후진국이다  선진국이란말은 개코같은소리다 노인빈곤 자살 새계1위~,1 star,POSITIVE,1,0
늙어서 빈곤층이 된게 아니라 원래 대부분 빈곤층이었다. 본인만 빈곤층인줄 몰랐든거지,2 stars,POSITIVE,0,0
힘들어도     오래    사는    것이    축복이다,4 stars,POSITIVE,0,0
저는 그렇게 생각하지 않습니다. 매일 &quot;폐지&quot;줐으면서 하루하루를 연명하면서 살고 있는데 그게 어떻게 축복 입니까?  거기에 가족중에 아픈사람이라도 있으면 그건 더욱 큰 불행이죠.....,1 star,POSITIVE,0,0
65세한테  노인이라 고착시키면 얻떳게  70세이후나  노인측들어가지,1 star,POSITIVE,0,0
재산은 자식들한테 주는순간 끝난다<br>절대 주지말아라<br>준다고해서 효도안한다,2 stars,POSITIVE,1,0
한국 노인은 음악이 슬프고 일본 노인은 흥이 나는 노래 나오네... 65세면 좀 쉬자! 언제까지 일만 하다 죽을거야!,1 star,POSITIVE,0,0
저출산은 축복으로 올수 있어<br>애가 둘인데 교육비가 뭐시기.. 교육비가 왜들까? 경쟁<br>저출산은 경쟁을 잘 안해<br>사람이 있어야 경쟁 상대가 생기는거지<br>부모는 부모고 자식은 자식이야<br>성인이 되고 결혼을 한다고 부모가 무언가를 해줘야 한다는 생각 자체가 문제가 있는거야<br>그리고 결혼식? 돈 없으면 그냥 살아<br>그냥 문화야<br>꼭 해야하는게 아냐<br>왜 멀리 사는 사람들이 시간 돈 내가면서 와야하냐?<br>그리고 2030 이 썩을 새끼들아<br>결혼하고 자가로 시작하는 세대는 니들말고는 없어<br>원래 부자들이나 자가로 시작하는거야<br>MZ세대? 아니야 니들은 돌아이세대야<br>욕심만 많고 분수도 모르는 쓰레기들이 많이 포함한 세대<br>그리고 존엄사 합법 하자<br>생명이 중요하긴 한데 돈 없이 빈곤하게 사는거... 힘들다<br>최소한 아프고 가망 없는 분들은 편하게 보내드리자<br>죽는 사람이 불쌍하냐? 남아있는 사람이 불쌍하지,2 stars,NEGATIVE,0,0
"대한민국 고속성장의 어두운 그림자, 윗 세대에서 배운 맹목적 자식 사랑이 큰 화가 되는군요..잘 보고 갑니다.",5 stars,POSITIVE,1,0
"지금노인들은 순한맛으로 겪고있는거지, 지금 20~40들 노인될때되면 그땐 진짜 각자도생의 끝이다. 열심히모아야 될 때인데, 인스타에 미쳐서 허영심부리는거보면 기가찬다. 좀살다가 뛰어내릴사람처럼 소비하고있음 ㅋㅋ",5 stars,POSITIVE,0,0
나은항상이십대그시절그대노력하세요건강이걸을대달리세요백살먹어도,1 star,POSITIVE,0,0
참 슬프네요 두부부가 부부가 신관편해야되는데 <br>자식 건사한다고 자식이 결혼을 안하면 부모챙기는건<br>당연한것 같아요 외냐  <br>경기도 평택 불혹훨씬 넘은 나이인데  결혼을 못하니 돈쓸때가 없는 총각목사 노인 부모테 수입차사주고 용돈을 주던데 자식이 결혼을 안하면 부모는 생활비 받아 닭장 아파트 살며 빈둥빈둥 선글라스 끼고 인증샷이나 하고 자랑질이나 하고 흔해 빠진 어디 놀러간다고 카페 간다고 자랑자랑 하는데 자녀가 남들 축복속에 결혼이란것도  안해보니 부인도 자녀도 없고 더 늙으면 외롭겠지요<br>부모도 역시 자식이 결혼 못하니 며느리와 손자손녀도 평생 못보고 <br>그 아들도 그냥 총각으로 살다 죽는거죠 <br>과연 부모나 자식세계나 행복할까 싶은데 물질만능 세계에서는 어떤게 정답인지 경기도 평택의 어느 노인을 보면 답이 애매한것 같아요<br>우리는 자녀 세명 결혼해 손자손녀 있고 평범히 행복한데 <br>각자의 길에서 잘 지내고 있죠 <br>자녀들도 <br>부모들도 현역에서 할일하고 서로 챙기고 지금이 행복해요 ????,2 stars,NEGATIVE,0,0
왜 자식테 희생하고 저꼴 됫는지 정신차리길 자식이 챙길줄 알았겠지 으이구야 착각이다,1 star,POSITIVE,0,1
알맹이도 없는 방송 왜하나요<br>Xxxxx,1 star,POSITIVE,0,0
국민연금 빠짐없이 납부합시다.,1 star,POSITIVE,0,0
그니깐 젊을때 기술배워놨으면 나이먹고도 밥벌이는하는거지 한심한군...젊을때 편하게 몸을 안쓰니깐 나이먹고 퇴직하면 할게없고 할수있는것도없는 무능력자들이 되는거야~한심한 직장인들아ㅋㅋ~~난 지금사업망하고 정리해도 목수일할수있으니 걱정하나없는데? 아직38살이지만ㅋ 난 걱정따위없음,1 star,POSITIVE,0,1
이런 케이스는 일부구요<br><br>대부분 노인빈곤은  무능과 나태와 방탕이 원인입니다<br><br>사실을 호도하지 마세요<br><br>물론 국가정책이야 노인빈곤을 해결하는 방향으로 가야되는건 동의하지만<br><br>그 윈인을 개인이 열심히 살았는데도 이렇게 되었다는 말은 거짓임,2 stars,NEGATIVE,0,1
그 자식들은  각자 살기<br>바쁘다 보니 부모님께  효도할 <br>시간. 여유.  그리고 점점 마음까지 없어져 간다.<br>우리나라  강국으로 세우신분들인데  안타깝다.<br>가정에서는  가장으로 열심히 사신분들인데<br>충분히 대우 해드릴 방법을 찾아야 할것  같아요,2 stars,POSITIVE,15,0
대부분 자식뒷바라지하는 나이대가 점점올라가고 그래서 결국 노후를 준비못한경우가 많기도 하지...,2 stars,POSITIVE,2,0
"투자안하고 빚내고 집사서 그래요 일본이 딱 그렇데요~~~~ 건설관피아에 꼬득임 당해서 , 빚내고 일평생을 갚고 ....",1 star,POSITIVE,0,0
국가에서 사회안전망 좀 잘 만들어줬으면 좋겠다ㅠㅠ 대한민국에서 열심히 살아가신 노인분들에게 대우 잘 좀 해줬으면 좋겠다ㅠ,5 stars,POSITIVE,67,0
노인 어르신 참 딱합니다 자식 무작정 도와 주다간 자식도 가난에서 벗어날수 없고 본인도 가난에 벗어날수 없다고 생각 듭니다,1 star,POSITIVE,0,0
"노인 기숙사가 필요한 시점이라고 봅니다<br>요양원은 진정제 및 수면제 사용으로 인식이 많이 안좋습니다<br>앞으로 학생수가 부족해 운영중단할 대학교가 나올것이니 대학교나 공공기관, 민간 등을 잘 활용해 기숙사형태로 어르신들을 부양하면 좋겠네요",3 stars,POSITIVE,153,0
저도 같은 생각입니다<br>노인들이 같이 살면 덜 외롭고<br>비용도 절감되고,2 stars,POSITIVE,34,0
너무 값있는 아이디어,3 stars,POSITIVE,19,0
좋네요<br>올바르게 운영된다면,3 stars,NEGATIVE,16,0
노친네들 뒷 치닥거리를  젊은 애들 한테 맏김,3 stars,POSITIVE,3,1
노인들 집단생활도 하나의 방법일 수 있어요.<br>그렇지만 노인들이 집단생활을  싫어하지는 안을까요??,3 stars,NEGATIVE,5,0
은퇴 후 복수심에 2번을 찍는거지 니들도<br>불행해줘라,1 star,POSITIVE,0,1
일단...자식들 한테 올인 하지말고 지갑을 닫고 건강 챙기세요.!!그것이 어쩌면 자식을 도와주는 일 입니다..,1 star,POSITIVE,4,0
"에이고, 한국은 사교육비 때문에 망한다.   그게 왜 필요한지?  완전 교육 시스템이 망가졌어.",1 star,POSITIVE,0,0
대한민국은 참 인간들이 소모품 취급이야~~,5 stars,POSITIVE,0,0
직장을 다니고 세금과 같이 연금이 ??<br>의무이고 <br>아르바이트를 해도 세금연금 미리제하고 월급준다<br><br>퇴직금과 연금을 별로이면서 강제다<br>누구나 연금이 있고<br>장애인과 생활 보호자는 최저 생활비 월 15 만엔<br>평생 아파트 의료비 시내 뻐스 전철 <br>무료가 기본이다,3 stars,NEGATIVE,1,0
비정규직과 사교육비!<br>없어져라 사교육<br>번성하라 공교육,1 star,POSITIVE,0,0
청년들에겐 천만원준다 아파트<br>준다고들 난리고 자녀태어나면<br>몇백만원씩 주고하는데 생계가 막막한 노인들에겐 뭘 주나요<br>노인에 대한 복지가 시급합니다<br>지금 젊은이들 나이먹지 않고<br>있나요 노인 빈곤문제 시급한<br>해결이 필요합니다,1 star,NEGATIVE,0,0
폐지 줍는 노인이 강남 부자들 종부세 많이 낼까 걱정하는 나라,1 star,POSITIVE,0,0
뭐긴 뭐야 ㅋㅋㅋ 자식 결혼하면 평생 모은돈 1~2억 줘버리니까 그냥 훅가지 ㅋㅋㅋ 답 없음,1 star,POSITIVE,1,0
자식에게 재산주지마시고<br>사기당하지마시고<br>주택연금으로 돈받고 편히사세요<br>집한채만 잘지켜도 주택연금2백이상<br>받고살수있어요,1 star,POSITIVE,0,0
정말 놀랍다. 공무원들 정신 상태가 정신병 수준이다...40만원가지고 살수 있다는 생각을 할 수 있다는 공무원들이나 정치인들이 지들 연금은 엄청받아가고 세금빼먹고 훔쳐먹고 축재했으니...공무원이고 지랄이고 연금 모두 똑같이 줘라,1 star,POSITIVE,0,0
수명이 늘어난게 문제죠<br>의사들 제약회사들이 늘려준거임,2 stars,POSITIVE,0,0
자식을 많이 낳으면 그중에 한명만 성공해도 괜찮아요!  생활비 넉넉하게 노년을 보낼 수 있어요.,3 stars,POSITIVE,1,0
"10명 자식중 2,3명은 성공하죠",1 star,POSITIVE,0,0
노인빈곤층은 자식들에게 자기재산 집 땅 물려주고 개피보는것 ....지금부터라도 돈 땅 누구에게도 주지말고 편안하게 살다가 사회에 기부하고 떠나가는게 상책임...,1 star,POSITIVE,0,0
"나라에서 주는 공짜연금 받겠다고 바보처럼 새끼들한테 줬는데 마음변한 자식들 부모떠나버림,,, 정신차려라 노인들아",5 stars,POSITIVE,0,1
왜 지들 밥그릇 뺏는 놈들한테 투표질 하면서 징징대는지 모르겠네...,1 star,POSITIVE,0,1
아니 자식들한테 다 줘서 이렇게 된거구만 흠.. 이걸 어떻게 봐야한담??,1 star,NEGATIVE,0,1
문재인이그렇게그지만든거자나 그렇게세금걷어가고 내돈 다뺏어가니,1 star,NEGATIVE,0,1
서울에 집만 있어도 부자여,4 stars,POSITIVE,0,0
자식들어게 다퍼주고 빈곤해진거니 자식들한태 빌붙으세요,1 star,POSITIVE,0,0
청년 일자리도 없고 노인일자리도 없고 <br>중장년도 부담만 크고<br>지금이라도 해결해야 하는  문제인데 <br>너무조용하네.,2 stars,POSITIVE,0,0
"경제부흥을 일궈주신 세대분들이 가장 경제 호황기에 빈곤시기를 거쳐가신다니 마음이 좋지 않네요,",5 stars,POSITIVE,3,0
자녀들에게 주다가 가난해지셨다는게 너무 마음이 아프네...ㅠㅠ,2 stars,POSITIVE,140,0
그러게요 요즘 세대는 자식들도 자수성가해서 자녀키우고 하기가 만만치 않다보니 찬한맘에 자식들에게 다 주고싶은 맘이지요 그렇다구 자식집에 같이 살수도없는 일이고 마음이 씁쓸하네요 동사무소가셔서 수급신청에 대한 문의를  조르듯이 해보셔야해요,1 star,POSITIVE,10,0
노인복지가 좋아지는 한국이 되길 바랍니다.,5 stars,POSITIVE,19,0
앞으로의 인생에서 행복과 사랑 그리고 건강이 함께하시기를 바랍니다,5 stars,POSITIVE,15,0
@@user-lk7zm1jn2z ㅋㅋㅋ 거 돈많이 버셨으면  누리시면 됩니다. 나름 떳떳하게 살았다고 한 사람 끌어내리려고 애쓰는 행동이 더 같잖고 비참해보입니다. <br>내일도 많이 비굴하시고 돈많이 버시고 즐겁게 쓰시면 될 일이죠ㅎㅎ,5 stars,NEGATIVE,11,0
힘내십쇼.,5 stars,POSITIVE,6,0
초등학생때부터 종잣돈의 필요성과목적을 화장대 거울에 붙여놓고 생활을 하다보니 자연스럽게 적은 급여임에도 80%정도는 저축을 하니 30대이지만 내집마련도 하고 결국은 저축이 답입니다,4 stars,POSITIVE,154,0
"결혼하면 자식 낳으면, 모은돈 자식한테 모두 빠져나간다. 혼자 살어",1 star,POSITIVE,18,0
@@user-ly4mg9xi9u 우간다에서 행복하신가 봅니다<br>아주 우간다~,1 star,NEGATIVE,9,0
잘살어라,1 star,POSITIVE,3,0
@@user-do5zv2uj6x 자영업하는사람 잘먹고살라고 돈 쓰는게 답인가?,1 star,NEGATIVE,7,0
@@user-do5zv2uj6x 대부분의 사람들 저축하라고 매달려도 실천 못하니 걱정ㄴㄴ,1 star,NEGATIVE,4,0
"노인에 대한 연금을 더 줘야 한다. 나라에서 말이다.<br>쓸데 없는 곳에 나랏돈 펑펑 쓰지말고, 노인들에게 연금을 아주 많이 줘야한다.",2 stars,NEGATIVE,3,0
올해 전 재산을 잃으면서 순식간에 힘든 경험을 했습니다... 인생은 어떻게 될지 모르는것 같아요..  하지만 직장도 다니고 운동도 하고 유튜브도 하면서 이겨내보려 하는 중입니다 !<br>긍정적으로 살다보면 언젠간 좋은 날이 올거라 믿습니다 !!,3 stars,POSITIVE,533,0
힘내세요,5 stars,POSITIVE,47,0
님 파이팅!!,5 stars,POSITIVE,33,0
저도   50대  중반에  많은돈  사기  당하고 ... 이대로 주저 앉는가 싶었는데   신은   절버리지  않고  다시 우뚝 일으켜주시더군요 ㆍ 5년이 지난 시점  다시 활짝 웃음 되찾았습니다 ㆍ 반드시 다시 일어나심니다,1 star,POSITIVE,92,0
잘이겨내고 계십니다~,5 stars,POSITIVE,21,0
누가 국민연금이 좋다고 했냐,3 stars,POSITIVE,0,0
젊고 건강하고 힘 있고 기회가 많을 때에 열심히 일하고 저축해야 한다..늙으면 쇠약하고 여기 저기 아프게 된다..늙고 병들고 돈까지 없으면 정말로  고통스럽고 비참하게 된다........,5 stars,POSITIVE,313,0
완전 공감,5 stars,POSITIVE,13,0
이 글을 고등학교 국어책 책표지에 인쇄하도록 추천합니다.,5 stars,POSITIVE,13,0
늙어도 젊을때처럼 몸 아픈데 없고 돈 벌줄 안다는게 불행의 시작인 것 같아요.,3 stars,POSITIVE,15,0
공자말슴,4 stars,POSITIVE,2,0
격공감!,5 stars,POSITIVE,2,0
한달후 남편 퇴직인데<br>그나마 연금하고<br>30년 퇴직금이 큰 도움이 될듯하네요 <br>아껴서 잘 분배해서  쓰야겠네요<br>비참한 노후.생각만해도<br>끔찍합니다,2 stars,NEGATIVE,8,0
자녀들이 의무적으로 부모 부양하는 시대는 지났습니다~이제.자식들한테 노후를 기댈수 있다는 전통적 편견을 버릴때가 된겁니다. 부모님들이 이를 예견해서 미리 만반의 준비를 해야되는 시대인거죠.,2 stars,POSITIVE,15,0
부모가 빈곤층 소리를 들으면서 티비에 나오는데 자식들은 뭐하는거냐...,3 stars,POSITIVE,0,0
자식들 사정이 어떤지 모르시면서...,2 stars,POSITIVE,0,0
국민의 80프로이상이 연봉3천미만이라고 발표났잖냐. 연봉3천미만은 그냥 세금내고 밥사먹고 옷입고 똥사면 없는돈이야. 평생 벌어야 월세야. 근데 무슨 노후가 잇어 ㅋ 왜 이나라가 세계에서 가장 초저출산 1위겠냐. 임금이라도 높던가 복지라도 하던가 노후라도 보장해주던가 이건뭐 완전 재벌 사유지에 노예수용소 국가야. 헬조선이거 얼마 못간다 장담한다.,1 star,POSITIVE,0,0
노인을 위한 나라는 없다~,1 star,POSITIVE,0,0
이제 그 빈자리를 외국인 이민자들로 채우려고 하고있지....,1 star,POSITIVE,0,0
"남자는 결혼할때 여자만 이쁘면 좋다고 결혼하겠지만, 은퇴할때쯤 되면 진짜 저렇게 된다  <br>사람이란 몇십년후의 멀리를 못본다 그게 사람이다",2 stars,NEGATIVE,22,0
6년후면 65세이상 노인이 전체인구 25프로 10년도 안되어 거의 30프로된다면서요..서울 수도권도 거의 노인천지일 듯..아마도 지금은 피부에 절실히 느껴지지 않겠지? 그저 일본이나 남의 나라 일이라고 생각하며 한국은 영원하다며 그저 지금은 아파투투기에 정신없음..한국인중 누구도 경험하지 못한 신세계이기에 그 때는 국민 모두가 충격일 듯 함..잘 생각해 보세요..세계에서 왜 가장 먼저 사라질 나라에 한국을 지목하는지 ..그 통계는 그냥 나오는게 아님..,2 stars,POSITIVE,0,0
난임부부를 위해 한국도 외국처럼 대리모합법화가 되어야하는데..<br>불법말고,1 star,POSITIVE,3,0
노후준비를 안했으니 저러지 ㅋㅋㅋㅋㅋ일편안하게 하고 꼰대 시대 사람들 아래서 그저 버티면서 미래 생각없이 살앗다는 증거지,2 stars,POSITIVE,0,1
말이백세지 숨만쉬고있는 살아있는 현대판고령장이지,1 star,POSITIVE,0,0
고독사가 걱정되지만. 혼자가. 편해,1 star,POSITIVE,23,0
투표만 잘 하면 다 잘 살수 있다.   대기업에는 수 천억 지원해 주고 개인 한테 주는 건 포플리즘이고     . 잘 있는 광화문 광장 800억 들려 공사하고   전국 지자체가 전부 통장에 수백억씩 사용처 없는 돈을 가지고 있다.   국민을 생각하는 현실을 아는 대통령을 뽑아야 한다.    당 만을 위한 대통령 말고   현실을 아는 대통령,5 stars,POSITIVE,10,0
눈을 톡바로 뜨고 보세요.,3 stars,POSITIVE,0,0
자녀에겐 다주진 말자<br>주더라도 내노후는 남겨놓고 주자<br>내가 재산이 있어야 자녀도 더잘한다,2 stars,NEGATIVE,78,0
"부모가 재산이 있어야 자녀가 잘하고,<br>부모가 재산이 없으면 자녀가 잘 안한다면,<br>부모인 내가 자식을 잘못 키운거라고.<br>저희 어머니는 말씀하셨고,<br>재산 분할을 빨리 빨리 하셨습니다.",1 star,NEGATIVE,2,0
진리. 돈없는 부모가 자꾸 돈달라하면 자식은 귀찮아하기 마련,3 stars,POSITIVE,2,0
꼴리는대로 막살다 노인빈곤<br>자식  교육에 팍팍 밀고<br>젊어 돈 잘벌때 술집 갔다주고<br>노후 생각도 안하고 놀러나 다니고<br>내 주위 다대수가 그랬다<br>내 어렸을 때는 밥도 굶었다,1 star,NEGATIVE,0,1
제일 한심한게 그렇게 자식한테 투자해놓고 대학졸업하면 그저 좋은회사에 취직해서 열심히 일하라고 한다. 취직해서 얼마나 번다고?   우리 어머니도 그랬지. 아마 내가 걱정스러웠는 모양인데 그러지 않았으면 지금쯤 한달에 순이익으로 5천넘게 벌고 있을텐데 진짜 시간이 너무 아쉽다.  직장가서 해매지말고 창업해라. 나처럼 20년을 직장가서 해매고  그러지마라. 나와서 창업하니까 고작 1년만에 한달에 순이익 2천만원 근처까지 벌게되더라.  20년간 직장에서 배운 지식과 정보=아주 일시적인것=다 쓰레기다.  이거 잊지마.  시간이 돈보다 더 비싸고 값진거다.,1 star,POSITIVE,1,1
저네들이 자식들 한테 다 주고 빈곤상태가 됐으면 자식들은 늙은 부모에게 안락사를 제공해야 하나?,2 stars,POSITIVE,0,1
국민연금이 나오지 않남!,1 star,POSITIVE,0,0
자식 핑계 댈것은 없다. <br>대부분 국민연금조차 없다는건 본인 잘못이야. <br>미안하지만 국민연금을 우습게 생각하면서 돈때인다는 말도안되는 이야기하면서 안낸것 아닌가? <br> 또 퇴직금가지고 사업한답시고 하다가 망한거지.. 자식에게 재산다주고 자기는 가난에 고생한다고? 그런집 거의 없어 다 핑계야.,1 star,NEGATIVE,1,1
머가 걱정이여?<br>남조선 문정권 가진건 돈 밖에 없는데  로인 1인당  묻지도 말고 따지지도 말고 1억씩 드려라..<br>허경영  총재도 약속했다,1 star,NEGATIVE,0,0
개독...오어..틀,1 star,POSITIVE,0,0
"글구  제발  초중고   에서 금융,부동산,    등 경제공부 제대로  시키자..<br>자본주의 사회에서 왜 돈  공부를 안 시키는겨??",1 star,NEGATIVE,458,0
경제 과목 배운다. 그리고 부동산 공부를 왜 시키니? 전 국민 투기꾼 만는 것도 모자라 애들까지 투기꾼으로 키우라고???,3 stars,NEGATIVE,21,0
금융 부동산배워서  투기밖에 더하나...돈이란게 누가 재벌이 되면 누군가는 빈곤이 되는건데... 다같이 더불어 사는게 좋은데 공산주의라고 쌍욕하는넘들이 많이서 그냥 가난한 넘은 가난하게 살도록 놔둬야지,3 stars,POSITIVE,14,0
특히 남자가 나이들어  돈 없으면 다른거 볼거도  없다..<br>독거로인되구  여자도  없구  칭구도 없다..<br>단디   생각혀라,1 star,POSITIVE,1,0
큰소리 뻥뻥치고 흥청망청 살더만<br>지금부터라도 자신에  맞게 살아가세요,5 stars,POSITIVE,0,1
"노후준비 하라고<br>그렇게 말해도 항상 그렇게 살줄알고 흥청망청 집안 행사하고 자식 학비,결혼 올인했지",1 star,POSITIVE,1,1
노인들자식자식하다늙어서고생해,1 star,NEGATIVE,0,0
아~~~~이래서 우렁마는 보이스피싱이 아들죽인다고 하는데도 끝까지 안보내더라<br>막상 돈안보내고 사기 안당한건 다행 이지만<br><br>뭔가 섭섭함<br>내몸값ㅜㅜ 개털 이었어<br>엄마보다 더잘살아서 다행이긴 한데<br><br>그래도 보이스 피싱애덜 담배값이라도 보내고 기다려달라고좀 하지 ㅋㅋ<br>서운해 엄마ㅋㅋ,2 stars,POSITIVE,0,0
늙으면 누가 만나러 오지않는다<br>만약에 <br>당신이 큰돈이 있다면 상황은 달라진다<br>그러나<br>큰돈있는노인은 0.1%이하다 .<br>너 주머니를 알라,2 stars,NEGATIVE,1,0
예전과 달라진 건 더 이상 부모를 모시지 않는 세태,3 stars,POSITIVE,24,0
좌파정권의 세금노예로 전락. 노인들도 재교육을 통한 부가가치창출해야 하는데 국민세금으로 쓰레기줍기 정도로 단기알바만 제공해서 세금도 낭비하고 노인들도 가난에서 탈출하지 못함,1 star,POSITIVE,1,0
노인빈곤면할려면 5.18폭동유공자되야!,1 star,POSITIVE,1,0
지금빈곤층되는노인들 책임은 문죄인요새끼때문!,1 star,POSITIVE,0,0
나하나살기도 벅찬데 부모들 자꾸 결혼해라 애낳아라 그러지마세요 숨막혀요 부모가 돈많아서 도와줄것도아니잖아 시대가바꼈다 옛날처럼 당연히결혼은해야되고 당연히 애는 둘은낳아야되고 이거아닙니다,1 star,POSITIVE,5,0
코로나로 더욱 빈곤층이 많답니다 마지막 때랍니다 예수님 공중재림 2025년 9월19일 오후5시 바다가 피로 물든 날 배가 가라 앉은 늘 2025년 9월4일 날 입니다 물건들 많이 사두시랍니다,1 star,POSITIVE,0,0
자식을 강하게 키워서 자립할 수 있게 하는 것이 부모의 역활이다!! 어차피 평생 지켜주지 못한다!!,5 stars,POSITIVE,199,0
평균수명 연장의 명암이 확연하다. 부인할 수 없는 사실 하나. &quot;노후 대비 없는 평균수명 연장은 개인 이나 국가에게나 모두 끔찍한 재앙이다&quot; 누군가는 말한다. 자식들 에게 올인하지 말라 한다. 왜냐하면 자식은 영원한 타인이니까? 우리 주변의 부모들은 자식이라는 깊은 늪에서 헤어나지 못하고 불행의 나락으로 빠져든다.,2 stars,NEGATIVE,0,0
원래 빈곤 했으면 노후에도 빈곤해도 잘산다는 개떡같은 말은 ....머징,1 star,POSITIVE,10,0
대비 안하니까 그러지,3 stars,POSITIVE,0,1
자식교육에 돈 너무 쓰지 말고 주식이나 부동산 등에 투자 하세요..,3 stars,POSITIVE,36,0
난 니네꼰대새끼들이 역겨워 꼴랑 4프로 4.5프로 국민연금 내놓고 9프로해서 유럽국가랑 연금 비교하냐 ㅋ? 유럽만큼 노후 준비를 하시던가. 니들이 뭐 20프로 냈냐 ? 돈벌어서뭐햇냐? 역겹다 니네들이 능력없이 대책안세우고 허송세월 그냥 흘러간걸 남탓하고있노? ㅋㅋ,1 star,NEGATIVE,0,0
국민연금 이  국민들  좋으라고  만들어놓은건줄  아냐?  ㅋㅋ  국민들한테  뽑아낸  돈이라  국민연금  ㅋㅋ,1 star,POSITIVE,1,0
이유가 뭐긴? 다 알지... 돈이 없으니까!,2 stars,POSITIVE,0,0
욜로하면서 씨부리던 사람들 다 어디갔지?? 내인생이 20대만 30대만 40대만 50대만 60대만 있는게 아니라는거 명심하고 살아라...,1 star,POSITIVE,2,0
과거 처음 미국에 이민왔을때 신문에서 읽었다 한국에서 육군대령으로 예편하고 미국에와서 <br>LA에서 이발사로 일하고 있다고 ..과거는잊고 새출발하는 마음으로 일을한다면 ..,1 star,POSITIVE,4,0
노인 재앙,4 stars,POSITIVE,0,1
그걸 왜 젊은층이 연구해야할 문제인가? <br>정부가 햐결해야할 문제 아닌가?<br>정치인들 뭐하라고 정치하나....<br>현정부 책임이 가장 크다.<br>뉴스가 정부책임에 대한 언급을 회피하네.,2 stars,NEGATIVE,1,0
안타깝다 누구나 늙는다,2 stars,NEGATIVE,1,0
약20년 2035~2040년되면 대한민국은 노인들 빈곤과 지방 노후 주택 아파트로 사회문제로 경제발전에 벽이 될것이다.<br>자식을 위해 나라를 위해 온몸을 헌신했는데 자식은 잘못되거나 잘되도 부양을 하나....<br>정말 불쌍한 우리의 어르신들.,1 star,NEGATIVE,0,0
온몸을 헌신해서 자식 학교 보내야 했던 부모는 대게 이미 빈곤했을 가능성이 크죠. 그외에 자기욕심때문에 자식 사교육비에 과도한 지출을 한 사람들은 기본적으로 허영심이 큰 사람들이고요. 외적으로 사업을 하지 않은 거지 사실상 자식을 성공(영예)의 수단으로 본 겁니다.,2 stars,POSITIVE,0,0
"예전 박정희, 전두환 대통님때처럼 근면성실하게 살았어봐라.. 뭐가 은퇴후 빈곤이 찾아오겠냐<br><br>니 쓰고 싶을때 다 쓰고 남들에게 과시하고 싶어서 남들 타고다니는 그랜져 명품백등등 사서 당기니<br>그리된거 아니겠느냐",2 stars,NEGATIVE,2,0
기본소득제만이 해결책이도다.,3 stars,POSITIVE,0,0
국토를 지방위주로 개발해야 노인 빈곤을 해결할 수 있습니다.<br>서울 위주의 개발은 서울이 거대한 빈곤층 노인의 거주지로 전락할겁니다.국회와정당.정부와 기득권층의 책임입니다 계속가면<br>국력이 붕괴할겁니다,1 star,POSITIVE,12,0
답이야 간단함. 은퇴준비를 안한 결과인걸. 적어도 40년은 일을 하는동안 노후대책을 누가 해주길 바랐나?  자업자득에 후회하기에는 늦었고.,2 stars,POSITIVE,5,0
자식공부에 올인하지 말아라<br>가장 어리석은 짓이다,3 stars,POSITIVE,319,0
진짜 한국만큼 자식에 미쳐서 투자하는 나라 어디에도 없음 어려서부터 태권도 피아노 체조 운동 그리고 학생 대학가기전에는 학원 네다섯개기본 ㅋㅋㅋㅋㅋ 거기에다 애들 용돈 줘야하고 커서는 대학 등록금 대학 생활할때도 돈 필요하고 졸업해서 이제 어른 되어서 사회나가면 집해줘야하고 차해줘야하고 그걸왜다 어른들 부모들이 해주는지 그거 해준다고 다 돌아올거라 생각하지 부모들은 현실은 쌩까고 갖다버림,1 star,POSITIVE,36,0
"한국사회는 자식들 세대도 힘들다. 부모세대가 젊었을때보다 지금 젊은 세대가 더 힘든거임. 그러니 부모들이 도와주지 않으면 자식들은 신혼집 장만도 못하는거여~ 그러니 이건 고질적인 한국 특유의 사회문제지 단순히 부모, 자식 문제가 아니다",2 stars,POSITIVE,24,0
투자한게 없으면 부양바라지 마라,1 star,NEGATIVE,18,1
@@RK-oo9fr 너희 부모가 들으면 참 좋아할 말이네~,5 stars,POSITIVE,9,0
안가르치고 좋게 안해줄거면 애초에 낳지를 말지? 낳아달라고 한것도 아닌데 낳았으면 당연히 가르치고 잘 살게 해줘야지! 다 자기들이 좋아서 자기들 외로울까봐 결혼 하고 아기 낳고 다 자기들만을 위해서 자처한걸 가지고 죄다 자식들탓! 더군다나 자기들 자식들 잘되게 할려고 올인한것도 다 자기들 욕심에 그런거지!<br>자식들은 뭔 잘못임?<br>결국은 다 부모들 자기들이 좋아서 자기들만을 위해서 해놓고 자식들 탓만 하지!<br>그래놓고 자기들 병나면 똥오줌은 누가받어? 건강하게 천년만년 영원히 삶?,1 star,NEGATIVE,18,
젊어서는 자식한테 몰빵하고 노후준비를 안하니까 그런거지!!<br>자식들한테 다 퍼다주지 마라!! 애들이 부모의 노후 책임 못진다,1 star,POSITIVE,7,1
가난한 노인이 살기 힘든 세상이라면 우리나라 한국법이 뭔가 잘못된 법 이라고 생각 해 봅니다 ^^,1 star,POSITIVE,2,0
흙수저 부모들은 다 필요없다 자식한테 아무것도 안줘도 되니까 빚만 주지마라 <br>세상에 나오게 했으면 족쇄는 채우지 말아야지,1 star,POSITIVE,34,0
한국전쟁 견디고 나라 살려서 받는게 이런취급,5 stars,POSITIVE,0,0
어휴...이거 보고 있으니... 교육비. 주거문제 .  노후문제.  이게 다 꼬리에 꼬리를 물고 벌어지는 현상이네요. 독일에서 40프로 세금 내면서 일했는데 이거 너무하다 라던 생각이 싹 사라지네요. 사교육비 덜하니 학원보낼 생각안해도 되고 대학등록금은 세금으로. 노후제도에 대한 부분까지...  한 나라에서 계속 일하고 살아왔으나 물리 신체적으로 노약해진 분들을 못챙기는. 제도도 없고.  그뜻은 만들 관심도 없는 거겠죠. 다 부서진 전쟁후 땅위에서  제도도 없는 곳에서 자식들에게 쏟았겠죠.  저분들은..  아직도 별 바뀐게 없는 복지를 보니... 허허허...  개화 언제 되나요.,1 star,NEGATIVE,0,0
카푸어 하우스 푸어 에듀푸어 황혼 푸어 <br>푸어천국,5 stars,POSITIVE,0,0
국민연금으로요양병원비처음부터월급생활해도빠뜻하게넣었는데젊은애들이 늙어서생각해야하는데,1 star,NEGATIVE,0,0
자식은35세끼고살다가각자 독립. 집안물려준다고했지요내가노후대책이라고했지요,1 star,NEGATIVE,0,0
국민연금넣었더라면 우리집아저씨는궄민연금죽을때까지나옵니다,1 star,NEGATIVE,1,0
본전뽑았는데도계산해보니 지금두배더받고 아직도죽을때까지받아서그돈으로요양병비합니다처음부터넣어서. 죽을때까지나온데요 아저씨가73만원받고마응이편하지요 아저씨돌아가시면끝나고제가넣은걸로살아야지요저는50만원으로살아야지요.  국민연금덕분에,1 star,POSITIVE,0,0
국민연금. 마니넣어둬야겠다,1 star,POSITIVE,1,0
지금 2030세대가 연금 타먹을 시점에 받을 수나 있을런지,3 stars,POSITIVE,0,0
제 국민연금 돌려주세요...ㅠㅠㅠㅠㅠ,5 stars,POSITIVE,2,0
뭐 자식드립치는데 다 자업자득이다,3 stars,POSITIVE,1,1
지금 2030대들은 더하지. 부채세대인데.. <br>그러니 딩크족이니 애도안낳고 결혼도 안하고하지,2 stars,POSITIVE,9,0
나라가 개인을 다 책임 질수없다,1 star,POSITIVE,1,0
다주택자들 에게 감사해라 매입해 전월세놔 나라에 일조 했는데 세금 성실하게 내고 무식한 인간,5 stars,POSITIVE,0,0
자식이웬수다 웬수.?? 무자식이?? 개팔자다,1 star,POSITIVE,0,0
국민연금이 노후를 보장해주지 못하는 나라니.....,1 star,POSITIVE,0,0
자식들은 다 뭐하고 자기부모 저렇게 거지로살게만든거지? 적어도 한달에 50은 용돈드릴수있는거아닌가?,1 star,NEGATIVE,4,0
부모가 자식이 여유롭게 살게 못해줘서 그렇죠. 집도없는사람 태반인데,2 stars,POSITIVE,0,0
이 사람은 인생 잘못산 케이스다!,5 stars,POSITIVE,0,0
본인을 위해 돈을 저축했어야지!  나라가 모든의 노후생활까지 책임질수는 없다.  한국은 다른 나라에 비해 아주 나은편이다!,1 star,POSITIVE,5,1
일자리가 없어요<br>앞이 캄캄해요,1 star,POSITIVE,0,0
"안타까운 일이지만, 결국 나이 먹은 부모한테 의지하는 성인이 되도록 자식을 잘못 키운 탓도 있습니다. 원래부터 가난한 집에서 태어나 힘들게 자라도 혼자서  훌륭하게 자립하는 경우도 많은데 &quot;서울에 아파트도 있었던&quot;  분들이 이렇게 된 것은 결국 본인의  과욕 탓 아닌가 합니다. 원래부터  저소득층인 경우는 안타까운 일이지만, 그렇지 않은 경우는 결국  본인의 선택 아닌가 합니다. 그렇다고 해서 노인층의 지원을 위해서 젊은 층의 소득세율을 올리겠다고 하면 &quot;우리  아이들 힘들겠네&quot; 하실테니 결국은  냉정하게 들릴지 몰라도 이분들의 현실은 이 분들의 선택 일 뿐입니다.",2 stars,POSITIVE,2,0
늙어서 자식들한테 폐 안끼치려면 미리미리 준비하자.,2 stars,POSITIVE,0,1
정부는 뭐하나?,1 star,NEGATIVE,0,0
좃가튼 나라  네    엿같은  복지 후진국  대한 좃 민국,1 star,NEGATIVE,0,
정부 복지제도  좃같이 문제 만아 ....<br> 노인들이  총들고 일어나서   나라를 뒤 집어 업어 버리던가 해야지,1 star,POSITIVE,0,0
잘사는사람중에서 100세까지사는사람이 얼마나될까??,1 star,NEGATIVE,4,0
저출산 나라에 희생한 우리의 윗세대에게 희망을 기원합니다,5 stars,POSITIVE,18,0
무자식 상팔자,3 stars,POSITIVE,0,0
진짜 우리나라 의식주 물가 넘 비싸.ㅜㅜ  서비스제는 저렴한데 정작 의식주ㅜ  이것만 해결되면  여유가 있을텐데ㅜㅜ,2 stars,POSITIVE,42,0
큰일입니다ㅡ다같이 잘살아야.ㅡㅡ가난은 나라도 구제 못한다햇습니다 옛말에 !수입해서 단백질섭취가  좋아졋고 항생제도 한 몫 햇지않는가!공무원연금도  조정해야  된다고 봅니다.,5 stars,POSITIVE,5,0
기본소득도 좋지만 국가차원의 노후보장이 먼저입니다. <br>지금 뭘할지도 모르는 젊은이들에게 청년지원금은 무의미하다고 할수 있습니다.. 그돈으로 그냥 유흥비로 쓰고 있는 실정이죠; <br>젊은 친구들이 뭘하든 걱정없이 하게끔 하려면 <br>국가 차원의 의료 노후 보장 법제도를 공고히 하여 미래 걱정이 사라지도록 해야합니다. <br>즉 대부분 행복지수 높은 선진국에서 추구하는 방식인 <br>국가 차원에서의 중장년 노년층에 대한 의료 및 노후 대책이 제대로 되있어야 한다는 것입니다. <br>이것은 크게 보면 사회적 빈부격차를 보더라도 노후에 가서는 보장 제도가 있음으로 사회 양극화 부분도 큰 문제가 되지 않게 됨으로서 자연스럽게 해결될수 있습니다.,3 stars,NEGATIVE,1,0
저게 왜 사회적 문제야?? 개인문제지.. 지 자식한테 다 퍼주고 못받으면 나라가 해결해줘? 웃기고 있네. 댁들 자식한테 가서 책임지라고 하세요,1 star,NEGATIVE,0,1
책임 못지죠 뭐,1 star,POSITIVE,0,1
이 사회 빈곤층인 서민 일용직 용역 들 또 노인들 을 정부 는 모르나 모른체 하고 잇나 외롭다 힘 들다,1 star,POSITIVE,0,0
노후에 뭐해먹고살지?ㅅㅂ<br>...기사자격증만 3개인디...이거가지고 밥벌어먹고 살기 힘들듯 싶어서<br>기술사...지도사 40전에 따놔야징,1 star,NEGATIVE,0,0
노인들 모인곳에서 만나보면 자신의 미래가 보인다ㆍ자식들 주고나면 쳐다도 안본다 ?,4 stars,POSITIVE,3,0
"500년간 세뇌된 유교적 핏줄,조상 중시 . <br>서양은 20살이면 독립<br>오직 한국만 사교육비,등록금,결혼비,손자돌봄... 늙어 죽을때까지 핏줄에게 퍼줌.<br>주식회사가 대기업부터 중소기업까지 전부다 핏줄 경영하는 유일한 나라. <br>진보,보수 할것 없이 핏줄 퍼주기에 혈안이 되어 있는 나라.<br>그래서 힘들어지면 핏줄을 한 운명체로 보고 가족 살해가 매우 흔한 나라. <br>핏줄중시로 <br>미혼모 왕따,비난,차별 <br>수십년간 해외입양 세계 1위<br>비혼출산  oecd 평균 39% ,한국은 1% . <br>동거비율 세계 최저 <br><br>서양은 제사 없음. <br>한국은 그 짧은 명절도 제사(핏줄)로 인해 그 누구도 행복하게 지내지 못하는 나라. <br><br>핏줄 이기주의, 핏줄 퍼주기-&gt;양육부담 , 양극화 , 희망포기 -&gt;비혼급증-&gt;국가 소멸",1 star,NEGATIVE,2,0
집값올랐다고 좋아하다가 자식들 집하나 할때 보태주다 황혼육아에 빈곤에 악순환이지 뭐 ㅋㅋ,4 stars,POSITIVE,2,0
혜택받을땐 노인이고 싶고..일자리는 노인이 아니라고하고..,1 star,POSITIVE,1,1
은퇴하고 사업을 한게 첫번째 잘못 두번째 자식에 대한 경제적인 자립 미준비....  이런것들이 있음...,1 star,POSITIVE,0,0
돌아가신 아버지가 저를 자유롭게(?) 키우셨는데  이제와 생각해보니 자립심도 강해지고 부모에게 기대야겠다 생각도 안들더군요  요즘은 흔한  생명보험 하나 없이 돌아가셨는데<br>아버지에 대한 원망보다는 잘하셨다 생각이 들더군요 죽으면 모든게 끝이니까... 자식은 자식이 스스로 살아가야지 언제까지 도와줄순 없는거죠 이번에 아기가 생겼는데  저 또한 아버지처럼 키우려고 합니다 <br>주변지인들 애기들한테 무리한 사교육비 혹은 애들 기죽이지 않는다고 무리해서 집 옮기고 차사는라고 돈을 모으기는 커녕 빛만 지고 있는걸 보니...<br>더욱더  그런 생각이 들더군요 <br>오늘도 저축이야기 하다가 애기 생겼다고 앞으로는  돈 못모은다고 회사 동료들이 말하던데....  난 일반적이고  전형적인 부모가 안될거다 이야기 했죠,1 star,NEGATIVE,2,0
대한민국 노인들 다 백신 맞게해서 화장터로 보냅시다,5 stars,POSITIVE,0,1
절때 보증서질말고 자식미리재산상속말고 돈도절때주지말고 은태후뭘하지마  ㅡ,1 star,POSITIVE,35,1
세상이 짐승화 되가는겨<br>특히 요즘 젊은이들이 짐승화 되가는겨<br><br>사회도 인성 은 안갈치고   물질만능과    얄팍한 지식만 가르치니 세상이 짐승화 되가는겨 <br>특히  우리 나라가에서 심합니다<br><br>옛날 못살때도 자식이 부모를 섬기는건<br>진리 이었는데  요즘같이 먹거리가 풍족한<br>세상에서 자식이  지만 잘살겠다고 부모를<br>외면 한다<br>이건  짐승들 삶 하고 똑같은겨,1 star,NEGATIVE,2,0
문죄인정권의  현주소 ㅋ,5 stars,POSITIVE,0,0
사교육비 &lt;&lt; 쓰레기통에 버리는 돈.,5 stars,POSITIVE,2,0
난 장가 너 알아서 가라하고 내 노후나 준비해야지,2 stars,POSITIVE,0,0
젊은애들이 더 불쌍해....,2 stars,NEGATIVE,0,0
공감이  많이가는 기사네요,3 stars,POSITIVE,6,0
부자인 노인도 빈곤에 빠집니다. 돈벌이가 없기 때문입니다.,2 stars,POSITIVE,0,0
한국 에 갑부 들이여 노인 어른들 에게 투자하세요 그분들이 계시기에 오늘의 대한민국 이 윤택한것 잊지말고요 그럼 대대로 복받으실겁니다.,1 star,POSITIVE,0,0
자식에 돈 다쓰고 빈손이 되는거지 너무 자식에 다해주면 노후가...,3 stars,POSITIVE,2,0
"국민연금도 개인연금 보험하나없이 살앗나??<br>말이되는소린가...<br>뜬구름잡는 계획으로<br>사업하다망하고,자식새끼들<br>아파트넘기고 숨어사는짓은<br>하지마라...",1 star,NEGATIVE,1,1
노후대비 못하니깐 빈곤층으로 전략하지 일할때 돈 많이 벌면 모해 노후때 노후대비 못하면 은퇴하고 빈곤층으로 급 하락인데 이래서 어릴때 부터 저축하라고 하는거야,2 stars,POSITIVE,0,1
부모는 저리 살아도  또 자식걱정  자식은  자기걱정뿐  저도  자식  키워보니  자식이  뭐중요한지  모르겠드라구요  자기생가뿐  이드라구요  학원 뼈빠지게  보내도  그거 얼마된다는  소리에  무자식이  상팔자라는  소리가  무슨  소리인가했더니  내가  그런  소리를 듣게 되니  내 노후가 걱정인 50대입니다 지금도  서러운데  나이  더 들면 얼마나 서러울지  가끔  한숨만 나옵니다,2 stars,POSITIVE,2,0
해결책이 그리 쉬우면 누가 가난하겠어ㅋㅋ 그냥 하루하루 살아가야지,3 stars,POSITIVE,1,0
미안합니다 취업이 어려워 결혼도 꿈꿀수 없는 시대이기에 노후를 도와드릴 여유가 없습니다 죄송합니다,1 star,POSITIVE,0,0
자식이 나보다 더 돈많이 벌고 잘살아서 노후에 자식덕좀 보려고  자식 결혼할때까지 빚까지 내면서 자식한테 쏟아붓지만 <br>쏟아부은 돈에 비해 자식들은 자기 처자식 건사하기도 버거운게 현실인듯. 자식한테 기대지도 못하고 빈곤층으로 전락,2 stars,POSITIVE,0,0
저가 의문점 한가지 있어요 100 시대라 말하는데 과연100  세 넘는사람 몇명이 현제 살고 있나여  전국민중 100 세 넘는사람 몇% 센트인지 메스컴에서 그러는데  명수로 따저도 몇명이요,1 star,POSITIVE,1,0
결혼하지말고 혼자 벌고 사는게 빈곤층 안가는 지름길...,1 star,POSITIVE,0,0
시골에는 빈집도  많고<br>인구도 준다<br>정부가 공동체 마을을 만들어<br>도시의 노인들<br>청년들<br>농업에  취업하게 하고<br>농촌에 소규모 의료시설<br>위락시설을 만들어<br>농촌이 살기좋게 되면<br>도시인구 분산가능하다<br>도시인구를 분산시키고<br>촌의 농업 임업 수산업을<br>키우도록<br>하는 방안으로<br>취업인구를 늘려라,2 stars,NEGATIVE,16,0
Money gold 님<br>좋은 생각입니다<br>저도 지금 시골에 살고 있지만  시골에 빈집<br>많고요 그중에는 아예 사람이 살수 없는 쓰러지기<br>일보직전의 집들도 있읍니다 <br>이런 집들은 정부에서. 매입하여 게스트 하우스로<br>쓴다던가 도시에 있는 사람들이 몇개월 몇년 이렇게 머물수<br>있는 용도로 쓴다던가<br>했으면 합니다,5 stars,NEGATIVE,0,0
젊은이들아 국민연금 불평말고<br>부지런히 내어라<br>직장가입자는 반은 회사에서 부담하니<br>기본수익율 50%는 무조건 먹고들어간다<br>요새 은행적금이자 2%받기 어렵다<br>지역가입자도 최대한 많이 넣어라<br>놀고있는 마누라도 넣어라<br>최소 10% 수익율은 된다<br>국민연금 부도난다는 소리는 적게내고 많이 받아가기 때문이다<br>우리도 젊었을때 국민연금 망한다 못 타먹는다고 불평했다<br>이제 세월이 흘러 국민연금 탈 나이가되니<br>월 1백만원 넘게 나온다니 이보다 좋은 효자가 없다<br>반면에 국민연금 보다 더 많이 낸 개인연금은<br>이핑계 저핑계 대고 반의반도 안준단다<br>개인연금 낼돈 있어면 차라리 적금 넣어라<br>그러면 원금이라도 챙긴다<br>국민연금 부도나면 나라가 망했다는 소리다<br>그럼 다른 금융상품인들 온전하겠냐<br>국민연금이 최고 재테크다,1 star,NEGATIVE,1,0
"자식 교육이며 결혼 등에 지출하느라 노후대비 못한것도 있는데 그나마하는 저축이라고 이자수익 안나는 1%이하니 돈이 안모이지... 예전 할아버지, 아버지 세대 젊으셨을때는 예금 금리가 10%,5%했다는데.... 요즘 은행들 예금은 도맡기고 찾는 창고고 대출위주의 사채업자들 같다는거...",2 stars,POSITIVE,0,0
복지가 제대로 잘 안되있어서 회사에서 나오는 월급끊기면 개같이 살다 죽게되는 헬조선의 불필요한 노예제거 방식.<br>참으로 잔인하고 그걸보고 자라니까. 결혼도 아이낳는것도 못하지.,1 star,POSITIVE,1,0
나이먹어서<br>거지가 되는것이<br>현실인데그래도<br>자식자식하는<br>부모들그것이최선인지<br>난자식이 거지가되건말건<br>그렇게사는것이 좋은<br>모습이라고생각<br>되진않는다,2 stars,NEGATIVE,4,0
노인세대는  먹고살기 바빠었고  부모공경이  기본이었지만<br>자식세대는  고소비에 힘들고  부모공경이 없으니 노인들이 빈곤해지는것 아닐까?,2 stars,POSITIVE,1,0
"이번 정권에서는 정권의 개가되어 혈세를 훔쳐내던지, 아니면 길거리에 내려앉던지다.<br>이번 정권이 잘못됐다는걸 아는데도 바꿀생각없이, 개가되는걸 선택한것이지.<br>니들의 미래 역시 비참할것이다.<br>사회가 망하면 범죄는 올라간다.",1 star,POSITIVE,1,0
"노인들 일자리도 중요하겠지만, 국민소득이 증가하는 만큼 노인 복지에 대한 보편적인 복지정책을 확대해야 합니다.   70세에도 일을 해야만 간신히 빈곤을 이겨나갈 수 있는 삶이 선진국이라는 곳에서는 없어야 합니다.",2 stars,POSITIVE,63,0
왜 노인복지 이유로  무조건 정부에 떠맡기는것은 아니라고 봅니다 그렇게되면  누가  젊어서부터 아끼고  절약하겠습니까  노후문제를 정부에서 다해준다면  나라도  저축을 왜 합니까 지금에 노인들이 돈없어 고생을 하는것을 젊은이들이  보고 배워  자신들은 노후에 남에게 손을 안벌리려  노렧할것입니다,1 star,POSITIVE,0,0
주식이 답이다.,3 stars,POSITIVE,0,0
80 90 그 좋은 버블시대에 돈안모으고 뭘쳐하다가 그렇게들 되셨나......,5 stars,POSITIVE,5,1
자식에게 주는건 절대 안되요. <br>자식도 망치고 본인도 힘들어 집니다. <br>죽기전에 혹 남는게 있다면 공평하게 나눠 주세요.,2 stars,NEGATIVE,109,0
정답입니다 ㅡ 자식과 몰빵하면 절대 자기인생은 끝장난다,1 star,POSITIVE,6,0
이분 말씀은 내 노후자금 주는게 아깝다는 말이 아니라 자식에게 노력없는 대가를 주게되면 자생력을 잃게 되고 그건 돈이아니라 독이라는 말씀이 아닌가 싶습니다,1 star,POSITIVE,10,0
@하나<br>유교사상 핏줄이 강하다는말을그리못알아먹어?ㅋㅋㅋㅋ말귀못알아먹는 난독증이네ㅉㅉ진짜가진것있는사람은 그따구로 가진것없는루저?라고 혐오안하지.벌써 혐오하는자체가 별로가진것도없어보이는구만ㅋ얼마나가졌는데 가진것없는루저루저?그러냐?현금10억은있냐?별로 물려줄것도없어뵈는구만ㅋㅋㅋㅋ대댓글은안보니까 또씨부려봐ㅋㅋㅋㅋ가진것없어뵈는루저ㅋㅋㅋㅋ,1 star,NEGATIVE,0,0
이런 사회 문제도 젊은층들이 결혼을 기피하게 되는 이유 중에 하나지요...,2 stars,POSITIVE,0,0
나는 고등하교 졸업후  1도 지원이 없고 군대는 장교로 제대하고 나서도 오직 혼자 힘으로 살아왔고 남이 하기 싫어하는 특정한 기술이 있어 건강만 이상없다면 80세까지도 월 700만원 이상은 벌수 있네요 물론 다른사람이 천한 직업이라 할수 있지만 지금은 주위 동료들이 엄청 부러워하고 있네요,2 stars,POSITIVE,9,0
지금 젊은 세대는 빈곤율 70프로 이상임. ㄴ은퇴후가 문제가 아니라 인생 전체가 빈곤과 전쟁임..,1 star,POSITIVE,2,0
최고의 노후대책은 출산을 안 하는 것이다.,5 stars,POSITIVE,11,0
사교육  막아라,3 stars,POSITIVE,0,0
노인 욕하는건 아니고 늙으면 알아서 죽어야됨,1 star,POSITIVE,1,1
알아서 죽어? 그게 잘되냐? 너는 그럴거냐?,1 star,NEGATIVE,0,0
??? 건설사를 다녔는데 국민연금을 안넣었나??,1 star,NEGATIVE,0,0
자식새끼 오냐오냐 한 댓가지..원래 자식은 버리는게 사랑이다..아니라고? 너도 거지돼봐,3 stars,POSITIVE,0,0
노후 대비 안 한 게 제일 큰 요인이지,3 stars,POSITIVE,0,1
공무원연금퍼줘야지,5 stars,NEGATIVE,0,0
적당히 돈있는 사람은 주택연금으로 유도해 가산을 탕진하게 만들고 다 탕진해 없는 사람은 세금으로 입에 풀칠만하게 사육하다가 고독사하게 만들고<br>그렇게 모은 부동산들이 <br>가진놈들이 더 가지게 될것인지 아니면 국민들이 평등하게 살기위한 바탕이 될 지는 모르겄다.<br>근데 지금 봐서는 있는놈들이 외노자들 부려먹기위한 바탕이 될 것 같다,1 star,POSITIVE,1,0
행복하세요.,5 stars,POSITIVE,1,0
기자 말졸라 떠내,1 star,POSITIVE,0,0
집 사기도 어렵게 만들어 놓고 자식 교육 하지 말고 노후 준비 하라고? 애들이 독립이나 할 수 있는 환경이냐?,2 stars,NEGATIVE,1,0
"oecd 빈곤층 1위, oecd 노인 자살률 1위,",1 star,NEGATIVE,0,0
공부잘한다고 좋은대학에가고 좋은 직장에 취직을 한다는 말은 교육인들이 자기돈을 벌기위해<br>교육인들이 지어낸말 입니다<br>사람들은 거기에 선동당한것입니다<br><br>펙트는 공부잘해도 평범한대학갈수도 있고<br>평범한 회사에 취직할수도 있습니다<br>공부못해도 좋은대학갈수도 있고<br>좋은회사에 취직할수있습니다,1 star,POSITIVE,11,0
공부 못하면 좋은 대학은 못가죠  운이 좋으면 장사로 돈은 많이 벌수 있겄네요,3 stars,POSITIVE,2,0
@@jongs6080 <br>빽 있음 갈수있음<br><br>언제 성적으로 대학가는거 봤음?<br>다 빽으로 가는 건데,2 stars,NEGATIVE,2,0
공부잘한다고 좋은대학에가고 좋은 직장에 취직을 한다는 말은 교육인들이 자기돈을 벌기위해<br>교육인들이 지어낸말 입니다<br>사람들은 거기에 선동당한것입니다<br><br>펙트는 공부잘해도 평범한대학갈수도 있고<br>평범한 회사에 취직할수도 있습니다<br>공부못해도 좋은대학갈수도 있고<br>좋은회사에 취직할수있습니다,1 star,POSITIVE,1,0
많아도 대학까지만 지원해줘야지 그이후는 알아서 취업을 하라고해야 의지를 안하지,2 stars,POSITIVE,7,0
노예는  착취  당하다  조용히  사라진다,1 star,POSITIVE,0,0
1등  할려면  많이  괴롭혀야지 되지 않을까,3 stars,NEGATIVE,0,0
자식믿지말아야된다는 어르신들이 차라리 영리한거임,1 star,POSITIVE,0,0
자식들 때문에  글치   <br>대학교 주변  술집 가보세요 전부  술판입니다<br>20살  이상되면  알아서  살게 놔두는게  살게 하는것,3 stars,NEGATIVE,0,0
"집에 ㅈㄴ 가기싫다. 부모님께 받은 것 하나 업고 주택조합잘못들어가 4000여만원날리고 발목관절염으로 일할때 절고다니고  늘 중고장터나 뒤지며 사면서 업는살림에 죄다 긁어서 결혼못한게 죄같아 용돈 꼬박꼬박 한달에 40씩 부쳐드리고 물건도 늘 새 제품으로 사드리는데... 얼마전 어머니 생신때 비싼 돈들여 무선 청소기를 사드렸는데 과거에 사드린 150만원 호가하는 가방을 형수준다카고 명품백 하나 사달라카더라...평소에도 남과 비교하며 늘 돈,돈하시는 분인데 이때 만큼은 정말 내색은 안했지만 정말 빡쳐버렸다. 나와 형 우리 두 형제가 부모님을 이렇게 만든게 아닌가라는 생각이 절로 들었다. 이젠 포기해야겠다. ㅅㅂ 스트래스 ㅈㄴ 받고 내 정신건강을 위해 가라앉을때까지 명절에나 갈 생각이다. 돈이 이렇게 무서운거다. 친한 관계일수록 돈이 오가면 안되는 이유를 뼈저리게 느낀다.",1 star,NEGATIVE,32,0
그집에서 나오세요.....우울증 걸리시겠어요...,1 star,POSITIVE,7,0
명절에도 당분간 가지 않는게~ 부모 자식사이도 <br>성인이 되면 예의와 간격이 서로를 위해 필요한듯 핲니다!,3 stars,POSITIVE,6,0
저기요;;  150만원 명품빽을 형수 준다고요???? 중고로 팔아도 80정도는 받을텐데 자식도 입에 풀칠하기 힘들다고 자식힘들게 번돈으로 머하냐고 한번쯤 따져보세요,1 star,NEGATIVE,1,0
인간 종량제 바보이세요?<br>결혼은 하셨는지?? 원래 부모가 집을 해주는게 상식인데 명품백 부모님 준거지 형수 주라고 했나고 따지세요,1 star,NEGATIVE,0,0
@@user-hq7nj9fv7s <br>왜 부모가 집을 해줘요?,1 star,NEGATIVE,0,0
"Q: 100세 시대 ‘빈곤 노인’…은퇴 후 빈곤층 전락, 이유는?<br>A: 멍청해서",1 star,POSITIVE,1,1
태극기 부대들은 대부분 막걸리 얻어 먹으러 온 빈곤자들이구만..,2 stars,POSITIVE,0,1
내가들은바로 연금받으려고 재산전부 자식줌,1 star,POSITIVE,1,0
노인인간쓰레기들 태극기들고  광화문. 가서흔들면 일당 줘요 토착왜구당  가서 취직하세요,1 star,POSITIVE,0,1
누가 투자 실패해라냐??? 지가 실패해서 빈곤층 된 걸 왜 챙겨야 하냐,1 star,NEGATIVE,1,1
기초연금 왜 주는건데 그 돈으로 젊은 층한테 써라,4 stars,POSITIVE,2,1
싸가지 없는 ㄴ,1 star,NEGATIVE,0,0
그럼 빨리 뒤지는 거도 방법이지 ㅎㅎ,2 stars,POSITIVE,0,1
자식들 교육시킨다고 학원비 교육비에 돈 못모으고 노년되면 거지신세 자식들도 부담스러운존재. 주제파악 못하고 돈쓰면 쪽방노인 되는거지.,5 stars,POSITIVE,3,1
잘못 살았다<br>보리고개처럼 살았나<br>난 젊어 평생 밥 굶고  살았다<br>산업사회 들어와 잘 쓰고<br>살았다<br>된장<br>자식들 투자<br>맥주에 주색잡고<br>여행에 매일 봄날처럼<br>살았다,1 star,NEGATIVE,0,0
자식에 몰빵하지 맙시다.혼자 즐기며 살면  돈도 모으고 편안한 삶을 살 수 있어요.,5 stars,POSITIVE,166,0
@@user-vb1up5vr3l 그딴새끼도 자식이라고 키우셨을 생각하니 가슴이 아프네여. 생일도 안챙겨주는게 자식입니까? 아들이라고 오냐오냐 키웠다면 부모책임도 없지 않죠. 그게 아니라면 당당하게 할말 하세여 평생 몸받쳐 키워놨더니 그깟 1년에 20만원이 아깝냐고,1 star,NEGATIVE,0,0
보험사하고 방송이나 100세 시대 떠들지 당장 90세도 보기 어려운데....,4 stars,POSITIVE,0,0
원래 잘 살다가 퇴직후 사업하다 말아먹고 빈곤해졌다는걸 노인빈곤의 한가지 이유로 집어넣은 건 좀 너무하지않나..사업하다 성공하면 뭐 번 돈 나라에 다 기부하고 그러나..성공 하면 내 돈 실패하면 나라 탓 이런건가,1 star,POSITIVE,1,1
노오오오오오 오오오오오  오오오오 력을 하세요 .라고 하더라.,1 star,POSITIVE,0,0
과도한 경쟁사회가 한국을 이만큼 발전시킨것도 맞지만 그 이면의 어두운면도 크지...,3 stars,POSITIVE,0,0
사업 한번 실패하면 다시 일어서기 힘들지..,1 star,POSITIVE,5,0
아니 100세로 산다치자<br><br>1~30대는 거의 자리 잡고 경제력 갖추기 위해 돈 쓰고<br><br>30~60까지 일한다쳐도 부모님 부양하랴 자기 삶 사느냐 결혼하면 처자식 부양하랴<br><br>그러고나면 돈 얼마나 있겠음? 그리고 맘대로 죽지도 못하고 100세까지 산다...후,2 stars,NEGATIVE,2,0
노인 복지 정책이 시급하다,4 stars,POSITIVE,1,0
연장된 수명과 미비한 노후계획으로 노인 빈곤률 증가,4 stars,POSITIVE,0,0
존리 대표 왈<br>&quot;사교육비는 쓰레기통에 돈을 버리는 것이다&quot;<br><br>공교육의  책임론!<br><br>4050대 소득을 사교육비로 올인 당하고 늙어 버린다.,1 star,NEGATIVE,14,0
공부잘한다고 좋은대학에가고 좋은 직장에 취직을 한다는 말은 교육인들이 자기돈을 벌기위해<br>교육인들이 지어낸말 입니다<br>사람들은 거기에 선동당한것입니다<br><br>펙트는 공부잘해도 평범한대학갈수도 있고<br>평범한 회사에 취직할수도 있습니다<br>공부못해도 좋은대학갈수도 있고<br>좋은회사에 취직할수있습니다,1 star,POSITIVE,2,0
"왜 이런 상황인건지  모르지? 선진국을 보면 답이 나와 바보들아...<br>우리나라 월급쟁이들이 제일 호구지...연봉에따라 절반 이하인 40%는 세금도 안낸다...<br>나머지 60% 월급쟁이들이 국가세금 대부분을 담당한다..그럼 은튀하면 끈이네? ㅇㅇ 우리나라의 문제가 바로 그거야..<br>대부분의 나라는 세금 떼어간액수에 비례하여 은퇴후 연금이 격차가 커...근데 우린 억대 연봉받아도 세금 40% 떼이는데..혜택이 하나도없어...<br>연봉 3천ㅉㅏ리 공무원의 수십배의 세금을 내지만, 공무원 연금의 반도 못받지..이게 문제인거야...억대 연봉자여봤자...자산없으면, 은퇴후 죽음이야...<br>이게 선진국과 다른점이지..월급쟁이 봉...연금제도도 그지같아..연금운용잘하는 나라는 그해 나갈 연금을 그해 세수로 지급하는데, 우린?<br>연금공단서 엄청난 돈을 모아놓고있지? 그거 우리위해 모아놓은거 아니다..주진형씨가 한번 말한적있지...국민연금은 국민을 위해 만든게 아니라고..그럼 어디쓸려고?<br>우리나라 주식시장 부흥과 기업 위기때 메꿔주려고 모은 돈이야..<br>월급쟁이들아! 한심하게 봉처럼 세금 다뜯기고 은퇴후 거지되지말고, 우리 세금으로 메꿔주고있는 공무원 연금과 교직원연금,군인연금 자체적으로 메꾸라고하고 그들 연금 50%로 깍으라고 데모해야한다. 왜 우리 돈으로 그런 공무원 놈들 연금 빵꾸난것까지 메꿔줘야하냐? 여기가 그리스냐?<br>이나라의 기둥인 월급쟁이들아...얼른 나와서 집회해서 권리를 찾고, 빼앗긴 세금 되찾자~~~!",1 star,NEGATIVE,0,0
"당신들은 부모님 모시고 자녀들까지 키워냈지만,<br>자식넘들은 빨대 꽂고 더 없다 싶으면 바로 쌩깐다.<br>지금 자기가 돈을 벌면서 부모님께 매달 용돈도<br>안드리는 인간들은 제발 반성 좀 했으면 한다.",1 star,NEGATIVE,7,0
공산범죄자 새끼들 사형시켜 문제인부터,1 star,POSITIVE,0,0
이유야 어찌됐든 사회에서 책임져워야죠. 비록 그 반대당 지지자들일지라도. 노령세대가 현재의 사회가 오기까지 기여한 부분은 분명하니까. 현정부가 적폐청산을 위한 사회시스템 정비에 촛점을 두었다면 양극화해소가 차기정부의 주요과제가 될겁니다.,2 stars,POSITIVE,0,0
우리사회전체의 심각한고민이다<br>다같이 해결해야할 문제이다<br>노인에대한 사회보장이 크게확대되어야한다,1 star,POSITIVE,25,0
"금융 상품이 쓰레기, 보험도 쓰레기, 국민연금도 쓰레기, 그와중에 결혼할때 부모 재산 가져가서 집사야된다는 여자집안의 후진 양아치 문화 ㅗ",1 star,POSITIVE,0,0
악질들 기레기들 정치검사들 사이비교주들 판레기들 악질의사들 미투사기단들 토착나치들 토착왜구들 박멸 ~ 대대손손 천벌^^ 정신병신들 ~,1 star,POSITIVE,0,0
젊어서 건강할때 건강.저축보험 많이 들자. 배우자 먼저가고 자식이 부양 꿈 깨자. 보험은 깨지 않으면 죽을때까지 함께 간다.,4 stars,POSITIVE,2,0
서양처럼 성인되면 독립시키자 금전적독립도,5 stars,POSITIVE,4,0
서양이라고 만18살에 독립시키는거도 옛말임,3 stars,POSITIVE,1,0
서양도 그렇다면 그냥 무자식이 답이네요,3 stars,POSITIVE,0,0
난 빈곤층이 된 후 노인이 되었다. 사망하자,1 star,POSITIVE,0,1
우리모두 댓글달때 바른말좀 사용합시다 어른을 지칭 하는데 니니 내니가 뭡니까 그러는  댁들도 곧 노인이 됩니다,1 star,POSITIVE,78,0
공부잘한다고 좋은대학에가고 좋은 직장에 취직을 한다는 말은 교육인들이 자기돈을 벌기위해<br>교육인들이 지어낸말 입니다<br>사람들은 거기에 선동당한것입니다<br><br>펙트는 공부잘해도 평범한대학갈수도 있고<br>평범한 회사에 취직할수도 있습니다<br>공부못해도 좋은대학갈수도 있고<br>좋은회사에 취직할수있습니다,1 star,POSITIVE,7,0
존경할만한 사람한테 존칭을 쓰는거지...별볼일없는 인간들이 항상하는말..너는 안늙냐?  ㅋㅋ너처럼 늙고싶지않단다..,1 star,POSITIVE,7,0
@@user-wj5lr3nj1v 공부잘해도 평범한대학 갈수있는건 맞는데 “대부분 일반적인 경우는” 공부못하면 적어도 좋은대학 못가는건 팩트가 아닐까요??ㅋㅋ,4 stars,NEGATIVE,5,0
"@@user-bg8gn9rb4j 정답임다~학생은 공부를 잘해야 사회나가서 고생 안할려면 공부 열심히 해야된다고 대한민국 모든 부모가 애들한테 항상 강조하는말은 학생이 공부는 않하고 맨날 피씨방,당구장에가서 놀면 나중에 노숙자처럼 빌어먹는다 라고 말하죠~ 청소년 시절엔 철이없어  무선뜻인지 귀에들오지않겠지만 어른이되서 철이들면 학교다닐때 공부열심히 잘햇으면 사회에 나와서 입에서 단내가 나도록 노가다일을 하지않고 편한일을 하면서 먹고살것을 하면서 후회를 하게되는것이 사람의 심리긋죠~ 이미 때는 늦으니 그래서 나중에 후회하지말고 공부 열심히해서 명문대학에 들가라는거 아니겠습니까~ㅋㅎ",1 star,NEGATIVE,0,0
박영남이너는시간가는줄모르는구나,3 stars,POSITIVE,1,0
사교육비가 문제가 아닙니다.<br>주택이 문제입니다.<br>젊은이들이 결혼해서 애를 낳아도<br>주택문제만 아니면 다 살아갈  수 있습니다.,2 stars,NEGATIVE,1,0
에바다.이전우리의부모님.세대엔.방하나에.6..7명씩모여살앚다.지금의젊은이들은.배가불러하는소리로밖에.안들린다..,1 star,POSITIVE,0,0
손주교육까지 걱정하는건  아니라고 본다,1 star,POSITIVE,0,0
노후대비안한 본인탓... lol,3 stars,NEGATIVE,5,1
과태료 범칙금은 국고로 회수하지말고<br>노후에 어련운 사람들을 위해 쓰여졌으면 좋겠다.<br>나라가 돈은 많은데 이 돈들이 정치인들의 출세를<br>위해서만 쓰여지기만 할뿐 돈 값어치를 못하고있슴.,2 stars,NEGATIVE,9,0
노인이라도 최소한 100만원 줘야. . 각 도시 청소용역이라도 줘야.. 청소용역 뽑지말고  청소라도 시켜라,1 star,POSITIVE,4,0
기초수급 가능하실거 같은데..연세도 많으시고..저런분들도 안되면 될 사람  없음,3 stars,POSITIVE,8,0
문재인은 이 문재를 왜면하니까.반발한다<br>문재인을 끌어내자,1 star,POSITIVE,3,1
스비틀 한글도 제대로 못쓰시면서..그리고 문정부 들어서 노인들에게 돈을 더 많이 준다고 하는데 무슨소리예요? 세계 최고의 건강보험제도를 가지고 그걸 누리는 사람들이 할 소린 아닌 걸로.,1 star,POSITIVE,0,0
@@user-zr2pf5ln2i 문빨들은 요럴걸로  따지는데 아마 질렸지! 하ㄴ 글은 어케  일느냐  아므러ㅎ케  잃어도 됐다 내  노ㅁ 들만 모르더라 ㅎ,1 star,NEGATIVE,0,0
나도 힘들게 살지만 난 이렇게본다 자식에대한 맹목적인 책임과 성인이 된후로도계속 자식들한테 경제적인 지원등이 노후의 빈곤을 유발한다,3 stars,POSITIVE,207,0
"500년간 세뇌된 유교적 핏줄,조상 중시 . <br>서양은 20살이면 독립<br>오직 한국만 사교육비,등록금,결혼비,손자돌봄... 늙어 죽을때까지 핏줄에게 퍼줌.<br>주식회사가 대기업부터 중소기업까지 전부다 핏줄 경영하는 유일한 나라. <br>진보,보수 할것 없이 핏줄 퍼주기에 혈안이 되어 있는 나라.<br>그래서 힘들어지면 핏줄을 한 운명체로 보고 가족 살해가 매우 흔한 나라. <br>핏줄중시로 <br>미혼모 왕따,비난,차별 <br>수십년간 해외입양 세계 1위<br>비혼출산  oecd 평균 39% ,한국은 1% . <br>동거비율 세계 최저 <br><br>서양은 제사 없음. <br>한국은 그 짧은 명절도 제사(핏줄)로 인해 그 누구도 행복하게 지내지 못하는 나라. <br><br>핏줄 이기주의, 핏줄 퍼주기-&gt;양육부담 , 양극화 , 희망포기 -&gt;비혼급증-&gt;국가 소멸",1 star,NEGATIVE,15,0
"자식에게 부모가 돈 안줘도 잘 살게, 자식이 여유돈 생기게 하여 부모 봉양하게 만들자.<br>그 방법은 1. 집값 안정. 2. 청년 일자리 창조. 3. 사교육 금지.",4 stars,POSITIVE,6,0
"@@user-ic1dj5tf7r 에휴....서양의 기준인 유럽과 캐나다,미국 대부분이 애들 키울때 지원해줍니다. 거기 대졸자는 대부분이 부모가 보내준다고 생각하면되고 애초에 거기는 대입까지쉽지만 졸업이 어려운 방식이고 한국은 대입이 어렵고 졸업은 쉬운방식이니 서로 돈이 들어가는 방법이 다르죠.<br><br>그리고 유럽이랑 미국대기업은 ceo은 전문경영인을 두지만 주식을 비롯한 회사의 실권들은 그 회사 창립자 핏줄들이 가지고있습니다. 한국보다 더심해요.<br><br>그리고 손자돌봄은 유럽이랑 미국이 한국보다 더 심합니다 아예 애들은 부모한테서 살게하고 자신은 돈버는 절반기러기수준으로 하는경우 허다합니다.<br><br>그리고 미혼모, 왕따, 비난, 차별로 한국에서 때려죽입니까?<br>미국이나 유럽에서는 죽여요 그냥 길가다가 후려패는건 기본이고 경찰부르거나 공무원한테 일할거있어서 찾아가도 무시하거나 그냥 안받아줍니다.<br><br>그리고 서양에 제사없다는것도 잘못알려진게 한국처럼 제사상차려두고 절하는건 없지만 정기적으로 묘지찾아가서 인사하는 경우도 허다하고요. 어디에 기부하거나 할때도 본인이름말고 가문이름으로 하는경우도 많습니다.<br><br>동양이랑 서양이 다른것처럼 보이지만 실제로 사람사는건 거의 비슷합니다.<br>요게 아니라면 무조건 아니겠지라고 보지 마시고 다른부분에서 우리보다 더한경우가 허다합니다.<br><br>실제로 미국의 몇몇주는 아예 부모가 애들한테 적금들어주는게 법입니다.<br>18세까지 부모가 최소10만달러를 만들어 주는 곳들이 있어요. 그리고 그거가지고 독립하는겁니다.<br>한국보다 더 퍼주는 독일이나 영국그리고 캐나다는 더해요.",2 stars,NEGATIVE,9,0
안가르치고 좋게 안해줄거면 애초에 낳지를 말지? 낳아달라고 한것도 아닌데 낳았으면 당연히 가르치고 잘 살게 해줘야지! 다 자기들이 좋아서 자기들 외로울까봐 결혼 하고 아기 낳고 다 자기들만을 위해서 자처한걸 가지고 죄다 자식들탓! 더군다나 자기들 자식들 잘되게 할려고 올인한것도 다 자기들 욕심에 그런거지!<br>자식들은 뭔 잘못임?<br>결국은 다 부모들 자기들이 좋아서 자기들만을 위해서 해놓고 자식들 탓만 하지!<br>그래놓고 자기들 병나면 똥오줌은 누가받어? 건강하게 천년만년 영원히 삶?,1 star,NEGATIVE,1,1
퍼 주면.. 국민 버릇 나빠진다고.. 종인 할아버지지 말씀 하셨습니다...,1 star,POSITIVE,23,0
"자업자득.<br>자식들 물려주고 팽당한사람 많지않음.<br>역 노숙자들 물어보세요.<br>다들 왕년에 한가닥 안한사람 있나?<br>본인이 과도한 욕심부리고, <br>착실하게 가정을 꾸리지않았기에 힘든것.",1 star,NEGATIVE,3,0
미친 국민의식이 뭐냐면? 교육도 투자로 생각한다면 자기 형편에 맞게 해야죠. 가랑이 찢어지게 교육에 투자 하니까 문제야.,2 stars,POSITIVE,20,0
"그나마 교육에 투자를 안하면 영원히, 대대손손 종놈 생활을 면할수 없는게 문제지요.<br>옛부터 내려온 &quot;가난은 나랏님도 못막는다&quot;는 말부터 없애고 시스템적으로 기본 생활수준을 유지할 수 있도록 해야 합니다.<br>안그러면 교육에 대한 투자를 줄이기는 어려울 겁니다.",2 stars,POSITIVE,3,0
@@userzzozanism <br>공부잘한다고 좋은대학에가고 좋은 직장에 취직을 한다는 말은 교육인들이 자기돈을 벌기위해<br>교육인들이 지어낸말 입니다<br>사람들은 거기에 선동당한것입니다<br><br>펙트는 공부잘해도 평범한대학갈수도 있고<br>평범한 회사에 취직할수도 있습니다<br>공부못해도 좋은대학갈수도 있고<br>좋은회사에 취직할수있습니다,1 star,NEGATIVE,3,0
@@user-wj5lr3nj1v 그런건 아니라고 생각합니다 대기업 입사지원할때 지방대 출신도 서류전형에서 다 떨어뜨린다는건 공공연한 비밀로 되어 있습니다 더구나 고줄자는 대졸사원 선발할때 아예 뽑지도 않습니다 그런 사회적 관습과 기업문화가 만든 병폐이지 일부의 선동에 의해 생긴 헛소문이 아닙니다,1 star,NEGATIVE,1,0
@@user-wj5lr3nj1v 그리고 공부못해도 좋은 대학간다는건 전혀 안맞는 얘기입니다. 다만 공부를 못하는데 재벌집안이라면 다를수도 있을지는 모르겠습니다,3 stars,NEGATIVE,0,0
감성팔이 집어쳐라 노후는 개인의 책임.,5 stars,POSITIVE,2,1
야.김군아.너야말로후에보자.그때도그런말.나불거릴수잊는가..??????.,1 star,POSITIVE,0,0
딸년들은 지새끼에 미치고.  아들놈들은  마누라년에 꼼작못하고.  뭐하러 키우는지 ㅋ,1 star,POSITIVE,1,0
결혼한  사람에게 너무  심한  사회적의무를  지운다.  이래야해 저래야해  하기싫은일 불필요한일 돈들어가는일  너무 심하게  의무를  지운다.  결혼상태에서  해방되면 사람으로  안 본다.,2 stars,POSITIVE,2,0
결국 내 얼굴에 침 뱉기라고 자식 욕 하는 부모 없다 아낌 없이 베풀어도 성인이 된 자식은 남인거다,1 star,POSITIVE,20,0
연금을 젊은 사람들이 번걸 나이든 사람에게 바로 주니까 그렇지<br>예전에야 젊은 사람들이 더 많아서 할만했는데 요즘은 반대잖아<br>자기가 낸 돈 그대로 나이들어서 받아야한다,1 star,POSITIVE,1,0
죽어라 일하다 죽는.......,1 star,POSITIVE,0,0
"이유가 있지.<br>자식들 집사주고 자동차 사주고 사업체 차려주고, 버림받고 배반 당하고 길거리로 내몰린거지. 오냐오냐 하면서 금쪽같이 귀하게 키운 죄다. 바보들아!",1 star,POSITIVE,88,0
집사주고 차사주고 사업체 차릴 여유있어서 해준 부모가 몇이나 되겟습니까...,1 star,POSITIVE,11,0
없어서 못해주면서 있어도 안해주는것처럼 얘기하면 속은 편하오? 없으면 알고도 못해주지.  그리고 못해주는 내자신을 자책하죠.  근데 있는데 과연 자식이 궁지에 몰리는 상황 앞에서 교도소 가게 냅두는 부모가 과연 몇되는가요?  아무리 과하게 자식을 키워도 짠돌이 기질이 있으면 자식은 돈을 아껴요.  근데 없는데도 사치하길 좋아하면 그애는 사채를 쓰면서 허덕여요.  부모의 잘못이 아니라 자식이 못나서 그래요,1 star,POSITIVE,5,0
상위0.5프로 이야기를 일반화를하내 밥은먹고다니냐,3 stars,POSITIVE,4,0
Khan Ali 촌구석은 아니고 380포기세대라서 연애 결혼자식지원은꿈이고 나먹고사는것도 답이없거든,2 stars,POSITIVE,0,0
Khan Ali 저도 이번생에 결혼하고 애낳아서 내자식이 행복하도록 집사줄정도로 성공할수있다면 죽어도 여한이없을거같습니다,5 stars,POSITIVE,0,0
한국부모들은 자식한테 너무 투자해요 저는 알바하면서 서민처럼 사는게 인생인데 절대 그꼴 못본다고 부모욕심 부려서 대학보내고 유학보내고 말안들으면 신용카드 안준대서 억지로 부모욕심에 공부하고 지금은 성격더러워 져서 회사다니면서 집이랑 인연끊었는데 회사취직했다고 기뻐하는 부모를 보니까 신경질 납니다,1 star,POSITIVE,3,0
그렇지 태어나자 마자 투자하자나 가방 문방구류 학용품류 시작해서 유모차에.... 그리고 조금만 크면 태권도 피아노 무슨무슨 학원 남들이 다니는 학원 있는돈 없는돈 끌어모아서 자식이 잘되길 바라는것과 자식이 잘되서 내한테 돌려줄거라는 보상심리사이의 상충작용?이 ㅡ크게 작용하죠 현실은 커서 설명절 연휴때 오기 싫어하고 며느리랑 어머니 사이 줄타기 아슬아슬하게 하고 코로나 핑계 갓난아기핑계 일핑계로 안찾아가기도 하고 ㅋㅋㅋㅋㅋㅋㅋㅋ,2 stars,NEGATIVE,0,0
혼자살자 나집 내돈,1 star,POSITIVE,0,0
자식은 민법상 성인이 되는 만 19세 까지만 양육을 하고 그 이후엔 집에서도 내보내고 아무런 경제적 지원도 없어야 한다,1 star,POSITIVE,9,0
선생님 맞는 말씀인데요. 말이 쉽지 행동으로는 옮기지 못하는게 현실입니다.,3 stars,POSITIVE,0,0
"@@kevinlee6404 이제 기성세대들도 피자, 햄버거로 식사를 대체 할 수 있고 이부자리 대신 침대에서 자는게 더 편해진지 오래죠 지금 당장은 힘들더라도 아마 빠른 시일 안에 자식의 양육도 서구화 될거라 확신합니다 만약 그 변화에 따라가지 못한다면 그 끝은 빈곤 노인으로의 전락이 될테니까요",2 stars,POSITIVE,2,0
@@skdjbvggk5434 선생님말씀대로 되었으면 하네요. 옳은 말씀이니까요. 좋은 의견 감사합니다.,5 stars,POSITIVE,0,0
@@kevinlee6404 고아원도 자립할때 몇백지원해주는데?,1 star,NEGATIVE,0,0
"자식들이 결혼하여 사회생활을 처음 시작할때 자가 혹은 전세로 시작하는 것과 월세로 시작하는 것은 거의 10년 이상의 차이가 나게 된다. 지금 화폐가치로 최소 1억 정도는 만들어줘야 결혼도 가능하고 그나마 경제적으로 크게 어려움없는 삶을 살게 된다. 죽을때 재산 가지고 저승가는것도 아니고, 돈 꽁꽁 들고 있다가 엄한 사기당해서 날린 사람들 많이 봄",2 stars,POSITIVE,2,0
자식한테 왜 재산 주는가? 그러니 궁핍하게사는거지 저런 노인들은 도와주지말아야된다 일부러 정부수급 받기위해 주는경우 많다,1 star,POSITIVE,2,1
"은퇴 후 빈곤층 전락, 이유<br><br><a href=""https://www.youtube.com/watch?v=NnMnpX6HPtw&amp;t=2m55s"">2:55</a><br>사업을 해보려다 실패<br><br><a href=""https://www.youtube.com/watch?v=NnMnpX6HPtw&amp;t=4m15s"">4:15</a><br>갖고 있던 자원들을 자식들에게 쏟아 부음<br>수명이 연장돼서 노후는 길어짐<br><br>노인 650만 명 중에 절반이 빈곤 상태<br><br><a href=""https://www.youtube.com/watch?v=NnMnpX6HPtw&amp;t=6m54s"">6:54</a><br>자녀들 결혼 시키면서 ?<br>집 판 돈 자녀들에게 나눠 줌<br><br><a href=""https://www.youtube.com/watch?v=NnMnpX6HPtw&amp;t=8m10s"">8:10</a><br>자녀들은 직업이 변변찮고<br>결혼을 하면 아이들 사교육비가 많이 들어감 <br>자기 부모한테 눈 돌리는 사람들이 적음",1 star,NEGATIVE,7,0
지원받은 자식들이 책임지면되잖아?,3 stars,NEGATIVE,0,0
빈곤층,2 stars,POSITIVE,0,0
일본은 노인이 되어도 연금으로 그럭저럭 먹고산다고 들었는데.,1 star,POSITIVE,3,0
일본은역시나이많은사람들이일을더많이해요.<br>일본에서살지만역시선진국인것같네요.,1 star,NEGATIVE,6,0
불가 20년전에 최저입금 3000원도안됬어요,1 star,POSITIVE,0,0
그당시에 노동자피빨아서 대기업들이생긴거죠  노동자들은 딱밥먹고 살정도 유지할정도만벌었죠,1 star,POSITIVE,0,0
너무 마음이 아프네요,1 star,POSITIVE,10,0
니가 해봐라  너라고 뚜렷한방법이 있을거같으  저빈곤층도  사정이있겠지만    돈좀벌때 잘모아야 하는데  그냥 술쳐먹고 흥청망청 써버리고 나중에 늙어빠져서 돈없다 그런다,2 stars,POSITIVE,1,0
인터뷰 내용은 안봅니까? 지금 평생 노동을 해도 저렇게 가난해 진 사람이 나오는데 흥청망청 다 써버렸다고? 당신 노년은 다 준비 되어 있나봐? 이따위로 힘들게 사는 사람 모욕하는거보면,1 star,POSITIVE,2,0
자식한테 올인한사람 아니면 젊었을때 놀기만 한사람 도와 줘야하냐 놀지도 않고 입을거 안입고 먹을거 안먹고 노후준비한 우리  부모님은 도와주는거 하나 없는데?,1 star,POSITIVE,0,1
당시에는 자녀가 노부모님 부양하는게 일반적이었는데 막상 노년층이 되니 가족복지는 해체되고 사회복지는 많이 부족해서 이 사단이 난 것 아닐까요?,2 stars,POSITIVE,6,0
장애인은 10명중 9명이 빈곤하다.,1 star,POSITIVE,1,0
난 무학인데  아이들이 부자인줄 안다  지들클때 부자루 커구<br>아들이 의사인데 집에오면  내가 식당가서 밥사준다<br>헤여진  애들엄마  돈 필요하면 나한테 온다 돈좀줘하구<br>군말없이 달라는돈  2배  3배 준다<br>돈 달라는말  하기 힘들텐데  그러니 말없이 준다,2 stars,NEGATIVE,3,0
우리는 안늙을거같냐??? 일본한테배울건 배워야하지.... 30대인데... 대한민국에서 미래는 암울하다,1 star,POSITIVE,19,0
자식한테 집이나 재산을 미리 주지마세효~차라리 쓸돈이 부족함면 주택연금을 드는 것도 추천해드려요~,3 stars,POSITIVE,14,0
5억짜리집이연금 백만원도 안된다는거 아시는지요 이프로는 젊은사람들은 노후대책 단디하고 이미늙은분들을 어떤통로를 만들어좀덜힘들게살도록 했으면싶다 방송하는분들도 뭔가 도움될 일들을 만들수있는 통로를 또이걸보는분들도작은 통로라도 할수있음 그런나라이길,1 star,POSITIVE,0,0
맞는말이다...모두가 나누는 일자리가 필요하다.,4 stars,POSITIVE,34,0
굳굳굳!!!!!!^^~~~~~~<br>감사합니다,1 star,POSITIVE,5,0
막상 그때가 되면 다르죠.. 자식들이 돈에 허덕이는걸 보게되면 남일이 아니니..,2 stars,POSITIVE,60,0
격어야 할 일입니다 그래야 자리 잡아요.  부모님글도 다 격은 일들입니다 그래서 그 자리에 있는거구요.,1 star,POSITIVE,4,0
@@user-zt5ho6gs4d 지원받은 자식들이 더 잘 자리잡을텐데... 무자본과 지원받은사람은 시작점이 다름. 미래의 성공을 보장하진못해도 가능성은 확실히 늘어남,3 stars,NEGATIVE,9,0
@@gman1968 아니에요. 자식 리 성인이 되면 독립되어랴 하고 독립된 자ㅛㅣㅅ은 사회 에서 자신만이 걸어가야 할 길이 따로 있어요 빨리 그 자리 즉 자신만의 자리를 찿기 위해서는 부모의 간섭이 없어야 합니다. 실패도 해보고 성공도 해 보면서 다신만의 길을 찿아 내는 거죠. 부모가 도움을 주고자 하는 행위는 자식을 더욱 혼란에 빠뜨리는 겁니다. <br>왜 냐 하면 부모의 조언은 자신이 살아온 경험에 의한 것이기 때문이죠. 하지만 자식은 그 경험이 아닌 자신만의 경험이 필요 한겁니다.,1 star,POSITIVE,3,0
@@user-zt5ho6gs4d 지금 애들 어떤지 하나도 모르고 이런글 적는걸보니 나이대가 보이는군요.<br><br>그때도 지금처럼 청소부 경쟁률이 50몇대1이었나요? 대기업말고 일반적인 중소기업 경쟁률이 20몇대 1이었나요? 40년 월급모아도 30평대 집사려면 그 2배는 모아야하는 수준이었나요?<br>대학나와서 취직을 못하는게 아니라 빚생각하면 이월급으로는 10년일해야 겨우 갚으니까 무조건 다른일 찾아보는건 알고있나요? <br><br>넘어져봐야 일어서는방법을 알고 쇠는 뜨거운 열과 망치의 두드림을 견뎌야 강해진다고 하죠?<br><br>근데 넘어지는 바닥이 칼날밭이라면? <br>열과 망치를 견뎌야 하는데 끝도없이 두드린다면?<br><br>일어날수없겠죠?<br>그냥 부서지겠죠?<br><br>요즘은 고꾸라지는순간 그냥 낙오에요.<br>다시 일어설수가 없는환경입니다.<br>국가에서 대기업들 다 아작내놔서 뽑는사람도 적은데 그중 몇명은 무조건 여자 또 몇명은 무조건 농어촌에서 뽑아야하게 해놨으니 결국 뽑는사람 숫자가 아주적어요. 얼마전에 롯데에서 사람 몇명뽑았는지 아세요?<br>2명뽑았어요. 서울에서1명 부산에서1명.<br>농어촌으로6명뽑고 여자애들만 따로3명뽑고. <br>원래였다면 10몇명뽑는거를 농어촌이랑 여자애들만 따로뽑는거로 9명을 가져간거에요. 그리고 그냥뽑는 2명에 남여 다모이는거고 이상황에서 혼자 걸어간다? 혼자 뭐 어떻게한다? 가능해보이시나요? 노가다일이라도 해서 노는시간에 돈이라도 벌려고 하면 사람 가득가득해서 나는 끼지도못하고. 공장에 가려니까 12시간씩 일시켜놓고 돈은 6시간 일한거주고 노동부 신고는 무시당하고. <br>지금 청년들이 진짜 배불러서 힘든일이나 천한일이라고 안하는줄아세요? 외국인 노동자 애들이 엄청들어와서 3D업종일도 못해요.<br><br>제발 그냥 실제 요즘애들이 어떤지 모르면서 그냥 본인이 살아왔던거를 요즘에 대입하지 마세요.,1 star,NEGATIVE,12,0
우리나라엔  일을 할려고해도 일할곳이 없습니다<br>그지만 생활보호 대상자<br>다 그렇지는 않는데요 어떤분들은  일을 하게되면 보호 대상자에서 짤리게되니까 일할곳이있는데도 않하는사람 많아요,1 star,POSITIVE,4,0
전 그제도가 잘못된것 같아요 엄청,3 stars,POSITIVE,0,0
1%만 생각하는 기득권 보수주의들한테 속아 산 노인들의 인생의 끝이다! 보수 당한테 속지 말고 살아야 된다,1 star,POSITIVE,0,1
정규직 및 취업자 확대 =&gt; 중산층을 두텁게 =&gt; 부모 세대와 함께 살 수 있는 능력 확대 =&gt; 연금 수급 수준 하향 =&gt; 젊은 층 부담 감소 =&gt; .. <br>이런 선순환의 고리로 들어갈 수 있도록 함께 노력해야 할 것이라고 생각합니다.,4 stars,NEGATIVE,25,0
꿈을 꾸시내요,5 stars,NEGATIVE,3,0
무자식이 ㅋㅋㅋㅋㅋ붕들.,3 stars,POSITIVE,4,0
남일이  아니다  한순만  나오네  ㅜㅜ,1 star,POSITIVE,0,0
곧 퇴직하는 직장 선배가 아들 사업자금 대준다고 집팔고 퇴직금도 중도 정산하고 휴 도대체가 아직도 내새끼라고 다 큰 아이로 바로보고 생각하는게 문제다 그렇다고 그걸 새끼들이 알아줄까 ㅎ,1 star,POSITIVE,2,0
죄송할따름,1 star,NEGATIVE,0,0
어머니 앞으로 임대주택 두채식 설정해서 이자빼고도 매달80여 만원정도  월세로 받게끔 만들어 드렸습니다,1 star,POSITIVE,1,0
은퇴해서 소득도 없는데 재산 있다고 세금만 잔뜩 뜯어가니 그렇지,1 star,POSITIVE,3,0
자식도  종자나름이라봅니다<br>올인을 해도  골치<br>하지 않아도 골치<br>정답이라고 하는게<br>딱히   없다는 게  고민이지요<br>거리에 노인들중  자식에 올인하고<br>나온분들은  손꼽기 힘들거예요<br>부도가나던가   방탕한 생활을 했다던가  사기를 당하던가 등등<br>내가 지금 주제에  맞는 댓글을  <br>쓰는가요  ?댓글읽다 요리 쓰네요?<br>다시  보고  수정 해야겠네요,1 star,NEGATIVE,1,0
애초에 결혼하지마. 주제도 모르고 새끼 싸지르게 새끼들에게 재산을 물려주지 못할망정 흙수저를 물려주냐? 상병신아.,1 star,NEGATIVE,1,0
100세 까지 건강하게 살다가 빨리 죽는거다 골골하게 아프게 살면 그것은 지옥이다 살만큼 살다가 깨끗이 빨리 죽는다 그것이 자식에게 대우 받는거다 에휴,5 stars,POSITIVE,0,0
전문직이 답이다,4 stars,POSITIVE,0,0
50%빈곤이아닌 노인들은 사업에서 성공했거나 애들이 잘되여 보살펴 준것이 원인인가요? 하여튼 연금이 너무 적어요.  40만원이면 너무한다. 100만은 돼야지.,1 star,POSITIVE,0,0
혼자살어,1 star,POSITIVE,1,0
자식이노후라생각해지,1 star,POSITIVE,1,0
"부모가 자식의 덕을 보려 몰빵햇는데,  자식도  힘들게 생활합니다.",5 stars,POSITIVE,0,0
국가정책의 변화가 필요함...가족에게 떠 맡기지 말고..국민연금 손해를 우쩔건가?,3 stars,POSITIVE,6,0
젊은 사람들도 자리 못잡고 노인들은 나이들어서 자리 없고 참 대책이 없다.. 공무원만이 답이다 정말,1 star,POSITIVE,0,0
저게 바보지 무슨 자식들 부모 눍어서 신경도 안써요 자기 배우자랑 행복하게 사는게 제일 임다 자식은 그냥 결혼 의 결과물일뿐,5 stars,POSITIVE,1,0
"이해합니다만, 현재 풍족하게 사는 국민들도 없습니다..ㅠㅠ 아나바다 운동을 다시 펼쳐서 국민들 끼리라도 아껴 쓰고, 나눠 쓰고, 바꿔 쓰고, 다시 쓰고.. 절약 밖에는 답이 없습니다.",2 stars,POSITIVE,1,0
삥뜯어가는 자식들...<br>그걸보고...젊은년이...쯔쯧하지...<br>썩어빠진 헬조선...이지...,1 star,NEGATIVE,0,0
여위있는노인은. 광화문에서 태극집회중.  알바도다수,1 star,POSITIVE,0,1
이명박근혜같은 개쓰레기를 나랏님으로 모시니 어르신들이 힘든겁니다.,1 star,POSITIVE,3,1
장수가 문제다.,3 stars,POSITIVE,13,1
은퇴후 빈곤층.. 이유는? 맨날 아무것도 모르면서 자칭보수라는 정치인들 감언이설에 속아서 군사정권을 방관하고 한나라당찍고 당하고 또 속아서 새누리당 또찍고 또 속아서 자유한국당찍고 맨날 당해도 당하는줄도 모르고 선동당한줄도 모르고 죽는게 이유임.,1 star,POSITIVE,3,1
20살 넘으면 쳐내야되는게 자식인데....결혼할때 까지  끼고 사니 노년이 가난한거다..,1 star,POSITIVE,0,0
그돈 비싼 집 사서 기득권에 갔다 바쳤는데 먼,2 stars,POSITIVE,0,1
연금 부족하다곤 하나 낸거에 비해 많이 받는거 도둑심보 아닌가요?,2 stars,POSITIVE,5,1
자식들에 투자해도 너무 과잉투자다<br>비효율적이고 학원 뺑뺑이 돌려도 애들 성적 안오른다 누군가의 근로자가 될뿐이다,3 stars,POSITIVE,240,0
"500년간 세뇌된 유교적 핏줄,조상 중시 . <br>서양은 20살이면 독립<br>오직 한국만 사교육비,등록금,결혼비,손자돌봄... 늙어 죽을때까지 핏줄에게 퍼줌.<br>주식회사가 대기업부터 중소기업까지 전부다 핏줄 경영하는 유일한 나라. <br>진보,보수 할것 없이 핏줄 퍼주기에 혈안이 되어 있는 나라.<br>그래서 힘들어지면 핏줄을 한 운명체로 보고 가족 살해가 매우 흔한 나라. <br>핏줄중시로 <br>미혼모 왕따,비난,차별 <br>수십년간 해외입양 세계 1위<br>비혼출산  oecd 평균 39% ,한국은 1% . <br>동거비율 세계 최저 <br><br>서양은 제사 없음. <br>한국은 그 짧은 명절도 제사(핏줄)로 인해 그 누구도 행복하게 지내지 못하는 나라. <br><br>핏줄 이기주의, 핏줄 퍼주기-&gt;양육부담 , 양극화 , 희망포기 -&gt;비혼급증-&gt;국가 소멸",1 star,NEGATIVE,12,0
"@@user-ic1dj5tf7r 에휴....서양의 기준인 유럽과 캐나다,미국 대부분이 애들 키울때 지원해줍니다. 거기 대졸자는 대부분이 부모가 보내준다고 생각하면되고 애초에 거기는 대입까지쉽지만 졸업이 어려운 방식이고 한국은 대입이 어렵고 졸업은 쉬운방식이니 서로 돈이 들어가는 방법이 다르죠.<br><br>그리고 유럽이랑 미국대기업은 ceo은 전문경영인을 두지만 주식을 비롯한 회사의 실권들은 그 회사 창립자 핏줄들이 가지고있습니다. 한국보다 더심해요.<br><br>그리고 손자돌봄은 유럽이랑 미국이 한국보다 더 심합니다 아예 애들은 부모한테서 살게하고 자신은 돈버는 절반기러기수준으로 하는경우 허다합니다.<br><br>그리고 미혼모, 왕따, 비난, 차별로 한국에서 때려죽입니까?<br>미국이나 유럽에서는 죽여요 그냥 길가다가 후려패는건 기본이고 경찰부르거나 공무원한테 일할거있어서 찾아가도 무시하거나 그냥 안받아줍니다.<br><br>그리고 서양에 제사없다는것도 잘못알려진게 한국처럼 제사상차려두고 절하는건 없지만 정기적으로 묘지찾아가서 인사하는 경우도 허다하고요. 어디에 기부하거나 할때도 본인이름말고 가문이름으로 하는경우도 많습니다.<br><br>동양이랑 서양이 다른것처럼 보이지만 실제로 사람사는건 거의 비슷합니다.<br>요게 아니라면 무조건 아니겠지라고 보지 마시고 다른부분에서 우리보다 더한경우가 허다합니다.<br><br>실제로 미국의 몇몇주는 아예 부모가 애들한테 적금들어주는게 법입니다.<br>18세까지 부모가 최소10만달러를 만들어 주는 곳들이 있어요. 그리고 그거가지고 독립하는겁니다.<br>한국보다 더 퍼주는 독일이나 영국그리고 캐나다는 더해요.",2 stars,NEGATIVE,11,0
그렇게  내 노후 포기해가며 죽을똥  싸며  공부시켜봐야.....   누구  따까리? ㅋㅋ,1 star,NEGATIVE,6,0
안가르치고 좋게 안해줄거면 애초에 낳지를 말지? 낳아달라고 한것도 아닌데 낳았으면 당연히 가르치고 잘 살게 해줘야지! 다 자기들이 좋아서 자기들 외로울까봐 결혼 하고 아기 낳고 다 자기들만을 위해서 자처한걸 가지고 죄다 자식들탓! 더군다나 자기들 자식들 잘되게 할려고 올인한것도 다 자기들 욕심에 그런거지!<br>자식들은 뭔 잘못임?<br>결국은 다 부모들 자기들이 좋아서 자기들만을 위해서 해놓고 자식들 탓만 하지!<br>그래놓고 자기들 병나면 똥오줌은 누가받어? 건강하게 천년만년 영원히 삶?,1 star,NEGATIVE,5,1
월급에<br>50프로<br>자식교육비에~~.<br>만약 다시 태어나도.그시간이 온다면~~<br>ㅠㅠ,3 stars,POSITIVE,1,0
외국은 부모가 여유가 있음 대학등록금까지가 마지막 임니다 여유가 없음 대학등록금 자기가벌어 다님니다.<br>결혼비용도 한국돈으로 800만원 1000원 지원 정도가 끝임니다. 그리고 부모가 쓰다가 죽으면 자식들 줌니다.,1 star,NEGATIVE,2,0
이건  자업자득이지ㅡㅡ솔직히 자식들 뒷바라지는 대학때까지가 끝이다 우리집도 나포함 막내까지 셋이지만 모두 대학등록금까지만 해달라했고 용돈같은것도 우리가전부 알바로 충당했다 졸업후 다취업해서 결혼한 지금까지 셋다 용돈매달드리고  손벌린적없고 아니왜 다늙은 부모님께 아쉬운소리를해야하는데 두분이가지고계신건 그분들거다 두분 일년에 두번정도는 해외도가시고 가끔 제주같은 국내여행도하시고  난  그런 여유있는모습이 좋더라 괜히 돼도않는 사업한다고 부모님 퇴직금노리지말고 정하고싶으면 자기돈으로해 그래야 망해도 혼자망하지ㅡㅡ퇴직금날려먹고 잠수타고 부모님하고 연락끊고 폐지줍게하지마라진짜 하?진짜ㅡㅡ 내 망할 부랄친구중 한놈이꼴되서  도망간지5년됐다,1 star,NEGATIVE,1,1
맨날 부동산투기. 색깔타령이나 하고있으니 거지된거지..,1 star,POSITIVE,15,1
나도 내 부모님 책임져야하고 내 자식도 키워야하고 내 노후 준비하느라 골병들겠는데 왜 자식한테 투자 몰빵하고 빈털터리가 된 사람들까지 내가 번돈으로 책임져야하는지 모르겠다 나도 죽고싶을 정도로 힘들어요 세금 좀 그만 가져가요,1 star,NEGATIVE,8,0
님 부모님은 님한테 몰빵 안하셨나요?,1 star,NEGATIVE,0,0
그것때문에 택시 운전하는 분도 많은데  어이할꼬 그것도 앞으로는 힘들어질듯,3 stars,POSITIVE,0,0
나라가 가면 갈수록 왜 이 모양이여~  노후두 문제지만 40~50대가 더 문제인걸 모르시나!!!,3 stars,POSITIVE,0,0
염려마세요  ^^  허경영이  해결 합니다!!,1 star,POSITIVE,0,0
지금 20.30 청년들은 취업도 안되고 ㅠㅠ 부채세대임... 그러니 남자들은 결혼을 꺼려하고..,1 star,POSITIVE,3,0
독일 광부 간호사 월남전 중동 건설 노무자 공항 에서 일어섯 않아 하나 라도 잘키우자 해서 일으킨 나라다 아닌 사람도 있지만 그런데 대가는 지금도 벗어나질 못 한다 멍청 해서 라지만 ...,1 star,POSITIVE,0,0
누가 사업 하랬나... 진짜.. 사업하다 가난해진 사람까지 인터뷰하고 이러네... 사업하다가 부자된 노인도 취재하지왜!! 참나..한심하게 인터뷰하네...,1 star,POSITIVE,0,0
저들이 전혀 불쌍하지않은이유 1. 연금을 받고있다. 2.젊은시절 직장에서 돈 많이 벌었다.   이 두가지로 끝임. 지금 청년들 취업도 안되고 은퇴하면 연금조차 받을수없음. 그땐 굶어죽는 노인들 수두룩하게 나옴. 고로 전혀 안불쌍함,1 star,POSITIVE,12,1
이런거 뉴스에 올리지말고 제대로해라 외국인불법체류자까지 어린이집비용 왜 지원하냐!!  성북구. 수두룩하다 돈돈올라 불법체류아이들 주워서 돈벌려구하고 그걸세금으로 해주고<br>왜우리가 번돈으로 그렇게하는지!!  우리국민도 힘들어하는데,1 star,POSITIVE,0,0
너무 오래사는 수명이 잘 못했네  수명이 늘면서  소득보다 소비가 많아지는 기형적인 구조가 되어버렸는데  이 문제 풀기가 쉽지않지요 하루아침의 문제가 아니라 오랜시간의 구조가 굳어버린 문제이니 참 어리석은게 인간인듯......,2 stars,POSITIVE,0,0
"보리밥먹고산사람산니다고기먹던사람은힘들죠<br>시골사는분들은고기반찬안먹어도고추장<br>된장먹고삽니다욕심부리지말고젊은세대<br>입에오르내리말고삽시다기초연금이나<br>올려줘요떠들지말고,..",1 star,NEGATIVE,0,0
자식보다 1순위는 노후준비 입니다<br>정신차리세요,3 stars,POSITIVE,539,0
"500년간 세뇌된 유교적 핏줄,조상 중시 . <br>서양은 20살이면 독립<br>오직 한국만 사교육비,등록금,결혼비,손자돌봄... 늙어 죽을때까지 핏줄에게 퍼줌.<br>주식회사가 대기업부터 중소기업까지 전부다 핏줄 경영하는 유일한 나라. <br>진보,보수 할것 없이 핏줄 퍼주기에 혈안이 되어 있는 나라.<br>그래서 힘들어지면 핏줄을 한 운명체로 보고 가족 살해가 매우 흔한 나라. <br>핏줄중시로 <br>미혼모 왕따,비난,차별 <br>수십년간 해외입양 세계 1위<br>비혼출산  oecd 평균 39% ,한국은 1% . <br>동거비율 세계 최저 <br><br>서양은 제사 없음. <br>한국은 그 짧은 명절도 제사(핏줄)로 인해 그 누구도 행복하게 지내지 못하는 나라. <br><br>핏줄 이기주의, 핏줄 퍼주기-&gt;양육부담 , 양극화 , 희망포기 -&gt;비혼급증-&gt;국가 소멸",1 star,NEGATIVE,55,0
알낳고 가는 연어가 ?,5 stars,POSITIVE,3,0
맞아요..  자기 앞가림 부터 해야하는데 어리석은 노인들,5 stars,POSITIVE,19,1
"@@user-ic1dj5tf7r 에휴....서양의 기준인 유럽과 캐나다,미국 대부분이 애들 키울때 지원해줍니다. 거기 대졸자는 대부분이 부모가 보내준다고 생각하면되고 애초에 거기는 대입까지쉽지만 졸업이 어려운 방식이고 한국은 대입이 어렵고 졸업은 쉬운방식이니 서로 돈이 들어가는 방법이 다르죠.<br><br>그리고 유럽이랑 미국대기업은 ceo은 전문경영인을 두지만 주식을 비롯한 회사의 실권들은 그 회사 창립자 핏줄들이 가지고있습니다. 한국보다 더심해요.<br><br>그리고 손자돌봄은 유럽이랑 미국이 한국보다 더 심합니다 아예 애들은 부모한테서 살게하고 자신은 돈버는 절반기러기수준으로 하는경우 허다합니다.<br><br>그리고 미혼모, 왕따, 비난, 차별로 한국에서 때려죽입니까?<br>미국이나 유럽에서는 죽여요 그냥 길가다가 후려패는건 기본이고 경찰부르거나 공무원한테 일할거있어서 찾아가도 무시하거나 그냥 안받아줍니다.<br><br>그리고 서양에 제사없다는것도 잘못알려진게 한국처럼 제사상차려두고 절하는건 없지만 정기적으로 묘지찾아가서 인사하는 경우도 허다하고요. 어디에 기부하거나 할때도 본인이름말고 가문이름으로 하는경우도 많습니다.<br><br>동양이랑 서양이 다른것처럼 보이지만 실제로 사람사는건 거의 비슷합니다.<br>요게 아니라면 무조건 아니겠지라고 보지 마시고 다른부분에서 우리보다 더한경우가 허다합니다.<br><br>실제로 미국의 몇몇주는 아예 부모가 애들한테 적금들어주는게 법입니다.<br>18세까지 부모가 최소10만달러를 만들어 주는 곳들이 있어요. 그리고 그거가지고 독립하는겁니다.<br>한국보다 더 퍼주는 독일이나 영국그리고 캐나다는 더해요.",2 stars,NEGATIVE,28,0
"@@user-ic1dj5tf7r 서양에서 20대에 독립은 너무 안일한 생각이야. 서양애들도 학비와 생활비를 대학생 내내 부모가 자원해주는경우가 많음. 실제로 수천만원하는 연간 등록금을 서양애들이 부담할수 없는건 당연하자나..<br> 대졸후에도 여유있는 집안은 유산을 미리 상속해주는 경우도 많고, 암튼 서양이라고 20살되면 끝. 머 이런 건 상상의 영역일뿐.<br> 실제 가난한노인이ㅜ되는 경우는 대부분 사업실패가 원인이지 자식때문에 그런건 아니야.",1 star,NEGATIVE,14,0
박스 줍는 어르신들 보고 나도<br>저렇게 될수 있겠구나 생각함,1 star,POSITIVE,14,0
다음  지도자는  기초노령연금백프로 수령  국민연금 최저100만원이상20년이상,1 star,POSITIVE,0,0
이제는 노인 빈곤이 개인의 문제만으로 생각하기보다 사회적 문제로 나라가 함께 제도적으로 대비해야한다.우리 모두의 문제이기 때문이다.,2 stars,POSITIVE,0,0
"무슨 헛 소리야, 65세 넘으면 벌써 복지국가에서는 가만있으면서 각종혜택에 집나오지 쓰고 남을 정도의 연금받지 무슨 그나이에 더 일을 시키냐..한국의 서민들 피 빨아먹는chaebol(재벌들)이 존재하는한 백날 복지타령해봤자 그림의 떡일 뿐이야.??",1 star,POSITIVE,2,1
한국 이래저래 시끄러운건 알겠씁니다만 연금 연금만금은 일본이라든지 좀 따라가죠 !!! 전 일본에 살지만 한국이 연금이 이정도 일줄 몰랐습니다 일본은 60 지나면 한국돈 100만원은 들어옵니다 그 100만원으로 이래저래 생활합니다,1 star,POSITIVE,30,0
연금 낸게별루 업으니까 덜 빋지  하도<br>답답해서 댓글달았다 개인적인 걸 왜 국가에서 지원해주냐 ㅡㅡ,1 star,POSITIVE,3,1
국민연금 꾸준히 부은사람들은 100만원돈 받아여 나라 안믿고 안부은 사람들이 안받는겁니다,1 star,POSITIVE,0,0
요양병원 가봐라 자식들 찾아오는 사람 얼마나 되나 사망했다는 소식 가야 오는 자식들 대부분...나이들고 병들면 자식하고는 상관없다,2 stars,POSITIVE,39,0
맞습니다  현대판 고려장 ?베이비부머가 그렇게 했고 이제 당할차례이죠,5 stars,POSITIVE,4,0
요양병원비 대느라 쌔빠지게 일하느라 못감.,1 star,POSITIVE,2,0
요양병원에 계신 모든 노인들 문쪽만 하루종일  바라봅니다.혹시 내자식 오는지 기다리는 거지요.자식은 자식대로 바빠 설.추석.이나  생일날  한번 오는게 다입니다.자식에게  정 많이 주지 마세요.,1 star,POSITIVE,3,0
뭐만하면 다 나라에서 책임지래 ㅋㅋㅋㅋㅋ 그거 다 내가 낸 세금이거든?? 내가 낸 세금이 공익목적이 아닌 사익목적으로 쓰이는건 절대반대다,1 star,POSITIVE,13,1
남의 일 같지 않네요 <br>유익방송 감사드립니다,1 star,POSITIVE,2,0
왜 자식들에게 미리 재산을 다 주나? 바보중에 상바보다.,2 stars,NEGATIVE,4,1
"나라에 손 벌리지 말고, 자식들 한테 손벌려야지. 자기 자식이 못해준다면 자업자득이라 생각하고 그대로 살아야지",1 star,POSITIVE,6,1
부모가 가난하면 버림쯤으로 내쳐지고.<br>돈 좀있다싶으면?<br>집장만 육아 등으로 성가시게 하지.<br>몹시.<br>ㅋ<br>ㅋ<br>소록소록 돈모아서.<br>살금살금 지들은 해외 여행 다니고.<br>휴일에는 맛집이나 순례하고.<br><br><br><br>ㅋㅋ,2 stars,NEGATIVE,2,0
저것들 도와 줄 필요없다. 나이를 똥구녁으로 쳐 먹어서 박사모 짓이나 하고.. 에이 쓰래기들.,2 stars,POSITIVE,0,1
돈벌고 탈출할려고 하는 노력이 부족해서,1 star,POSITIVE,0,1
사업하다 망하고 자식헌테 재산줘서 반곤한건...그돈이 저식헌테 있다는거잖아요.<br>우리나라는 부모의 부양의무가 있지 않나용???,1 star,NEGATIVE,0,0
"배우자한테 더 잘해라.<br>자식하고 30년, 배우자하고 60년이다.",3 stars,POSITIVE,0,0
"자금 한국 정부 아주 잘 하고 있습니다 ,, <br>한달 30 만원 준다 자나요 <br>화이팅 !!!",1 star,POSITIVE,3,0
내년엔 백프로 65세이상에게 준다네요 ?,5 stars,POSITIVE,0,0
"ㅠㅠ하.. 앞으로 더 심해지면 더 심각해 질텐데, 정부와 민간이 나서서 함께 해결 하는데 힘을 보탭시다. 정부는 기초 생활비로 최소 50만원 까지는 줘야 한다. 대신 공직자들 보수를 50% 감면 시켜라~ 고통 부담으로 지금의 문제를 해결해야 됩니다.",2 stars,POSITIVE,1,0
자식들에게  의무적으로<br>본인받는급여 (10프로)<br>부모에게 ((입금)법으로<br>되면좋겠음<br><br><br>월급의 50프로이상.사교육비<br>그러나  지금은<br><br>자식본인은<br>여행이고뭐든<br>흥청망청<br><br>그러나<br>어버이에게는<br>~~,1 star,NEGATIVE,0,0
50 60세대 는<br>부모에겐 효도 해야되고 자식한테 <br>부모노릇해야 하고<br>낀 세대라 가장 안타깝다 그래도. 지금<br>노인들은 자식한테 <br>효도 받는 사람이 많다,2 stars,NEGATIVE,0,0
이거 2016년 기사거든 근데 이게 지금 정권탓이라고 하지 진짜 웃긴 인간들,1 star,POSITIVE,2,0
자신만책임지면됩니다<br>자식은.정부에서.청년들<br>잘해주고있습니다.,1 star,POSITIVE,0,0
안락사 법제화하자.  몰래 자살하는 것도 반인권적이다.  당당하게 자살할 수 있도록 안락사를 허용할 시점이다.,1 star,POSITIVE,2,1
제발 서양처럼 살자.<br>왜 애들한테 올인하나?<br>마음아파도 냉정하게 끊어야한다.,2 stars,NEGATIVE,2,0
"여가부, 외노자, 북한 같이 쓰잘데기 없는데 들어가는 돈으로 저분들 도와주면 되겠네",1 star,POSITIVE,0,0
집을 사고 자녀한테 다주면 정부탓하면서 그럴래 자유한국당 지지하면서 민주당에 애궐복궐하냐,1 star,POSITIVE,2,0
사업 왜 하니,3 stars,POSITIVE,0,1
자식들에게 돈을 좨물로 물려주지마라 자식이 그돈을 지킨다 는 보장이없다 불우한 이웃을 도와주어 자식들에게 은공을 죄물로 물려주어라,1 star,POSITIVE,0,0
미리미리 국민연금 넣고 대비하세요.  국민연금이 최고에요,5 stars,POSITIVE,1,0
너무 오래살아서그래요<br>내가 어렸을때 내나이면 노인이였는대 지금 나가면60 애들취급해요 그러니 문재가생길수밖에 사람두 순환이되야하는대 조금만 아프면 병원에 가지 그러니 수명은 늘어나고 벌이는 못하고 씀씀이는 그대로구 좌우지간 우리나라도 생각해봐야돼,2 stars,NEGATIVE,49,0
애들은 아니죠.. 중년 취급 이겠지,1 star,POSITIVE,0,0
일단 나이들어 모아둔 돈 떨어지거나 없으면  바로 빈곤층 ㅜㅜ,2 stars,POSITIVE,24,0
국가에서 어느정도   먹고  살수있도록 노인 일자리를 만들어 주세요  퇴직하고 사업 벌리면 큰일나요   있는 자산 관리를 잘해야 합니다 배워 주세요,1 star,POSITIVE,0,0
정부에서 당장 시행해야 한다,3 stars,POSITIVE,0,0
새마을 취로사업을 시행해야한다<br>옛날에 취로사업에 나가면 노임으로 밀가루40키로 한푸대식 주어서 배굶지 안고 살았다<br>노인들이 할일 많이있다 <br>도로 화초도 가꾸고 담배꽁초도 줍고 그러면서 서로 얘기도 허고 외롭지가 않을것이다<br>지금은 쌀로주고 용돈으로 기십만원 주면 소일거리가 있어 모두가 행복해 할것이다<br>정부여 도와주세요??????,1 star,NEGATIVE,3,0
국민연금도안한건가,1 star,POSITIVE,3,1
"가난한 노인이 하루가 다르게 늘고 있다,,,,기초생활비로  생활하는분들이 너무 늘고 있다,<br>왜이런지  ?????     세상이 왜이런지.....혼자사는 노인들이  너무 너무 많다,,,",2 stars,NEGATIVE,14,0
일이없으니깐요 ?,1 star,NEGATIVE,0,0
고슴도치도 자기 새끼는 귀엽다고 자식을 애지중지키운 부모의 책임이크다 ~ 노후에 힘들게살지 않을려면 노후대책을 위해서 자식에게  대학등록금 알바해서 마련하던가 장학금받던가 학자금 대출받아서 졸업후 취직해서 갚고 월급받으면 적금넣고 돈을모아서 결혼하도록 대한민국의 모든부모는 자식에게 어릴때부터 교육을시켜서 부모에게 의지하지않고 자립심을 길러주는것이  자식에게도 부모에게도 좋을것임~^^,5 stars,POSITIVE,0,0
"<a href=""https://www.youtube.com/watch?v=NnMnpX6HPtw&amp;t=3m02s"">3:02</a> 정신병원 강제 입원 헌법 불일치 결정",1 star,NEGATIVE,1,1
"재산 한푼 물려주지 몾한 흙수져 부모들 생활비,병원비 대는 자식들도 있다.",1 star,POSITIVE,242,0
우리장모...,5 stars,POSITIVE,13,0
울 시엄니 ... 제대로 먹이지도 않고 키워놓고 이제야 요양병원비 대고 있다.,1 star,POSITIVE,17,0
우리는 생활비 대드리고있음,5 stars,POSITIVE,7,0
"시부모 두분, 자식없는 고모님, 친정엄마 저흰 네분입니다. 돈없으면 자식노릇 사람구실 못합니다.",1 star,POSITIVE,17,0
@@user-cs2ij5kv2e 고생많습니다ㆍ 그래도  맘이따스하신분 ! 힘내셔요ㆍ,1 star,NEGATIVE,6,0
젊어서 노력을 안했으니 빈곤한거지<br>40살인 나도 미래걱정에 23살부터 생활비 20만원으로 생활하고 있다. 근검 절약이 몸에 베어있기에 큰걱정안하고 있다.,2 stars,POSITIVE,5,1
@@user-jp2bv5mk2d 형님들 왜 집 사줘? 개병신아. 주제도 모르면 애초에 결혼을 하지 말아야지. 흙수저 물려주면 자식들 큰 죄를 짓는거다.,1 star,NEGATIVE,0,1
교육을 시킨다는 명분으로 시켰는데 이건<br>교육이 아니라 국영수 공부다 그리고 공<br>부는 머리로 배우는 것이고 교육은 마음<br>으로 시키고 받는 것이다 즉 시키는 사<br>람도 마음 가짐이 발라야 제대로 된 교<br>육을 시킨다는 것이다  지금 선생들이<br>나 부모들을 보면 조선 시대 양반 상놈<br>계급이 살아 지고 나이로 위 아래를 가<br>리다 보니 나이 많은 층이나 적은 층이<br>나 보면 양반 상놈 반반씩 섞여 있다<br>이런 사람들의 공통점은 머리가 똑같이<br>똑똑 하거나 똑같이 똑똑 하지 못하다는<br>것 다른점은 각자의 성품이 다르다 그러<br>니 선생들이나 부모들 보면 개 망나니<br>처럼 구는 선생 부모들이 많다 자녀 교육<br>도 양반 가정은 회초리 상놈 가정은 몽둥<br>이다 이걸 반영 해서 따지면 요즘 결혼 하<br>는 가정을 보면 부부중 한명은 상놈 한명<br>은 양반 아니면 둘다 상놈이거나 양반인<br>사람이 있는데 아동학대가 심하지 않는<br>가정은 부모가 둘다 양반 계열 출신의<br>부모들이디 그래서 채벌기가 회초리다<br>그러나 부모가 둘다 상놈이면 둘 모두<br>몽둥이로 아이를 패니 문제다 가정에서<br>골프채들면 상놈이고 회초리 들면 양반<br>이다,2 stars,NEGATIVE,1,0
세상이 이런데도 일부 부유층 또는 정치인들<br>입장을 보면 쓰지도 않고 금고에 소유물 처<br>럼 방치해 놓거나 아니면 지나친 과소비 호<br>화 생활등 불 필요 하게 지출 하는 경우가 <br>있는데 이런것도 막아야 한다,2 stars,POSITIVE,12,0
어차피 큰돈이 거치는 사람들인데 써도 불만 쟁여도 불만입니까...돈버는 사람은 죄가 없습니다 못버는 사람이 무능한거지,1 star,POSITIVE,3,0
부유층 탓할게 아닙니다<br>자기 소신없이 자기인생살림 못하면<br>노후 나락으로 떨어지는거지<br>국가탓 필요도 없고 정치인탓할 필요도<br>없다고 봅니다 <br>그러면 떵떵거리는 부자는 안될지언정<br>노후에 나락으로 떨어져<br>자살 생각할 일은 적습니다,1 star,NEGATIVE,0,0
이러다간 장기훈수외엔 할일없을듯해서<br>서글프다.,3 stars,POSITIVE,1,0
굶어죽지안게기초연금25만원주고<br>선거있다고또안올여주고노인들같고장난치고<br>국회는싸움질이나하고썩은정치이제실증<br>납니다노인들기지고이야기하지맙시다.,1 star,NEGATIVE,1,0
"그리고 당신의 아이들이 무엇을 어떻게 배우고 있는지 어릴 때부터 주의를 기울여야 한다. <br>부모공경은 모든 교육의 기초다.<br>조금 못살아도 모셔야지 하는 맘이 상실됨은 인간의 존엄성을 배우지 못한 탓이 가장 크다. <br><br>부모공경은 또한 가문에서 나오고 그 가문의 위대함은 인류를 낳으신 신으로부터 나온다.<br>신을 두려운줄 모르고 되도록 무시하고 살도록 교육을 받은 아이들이 가문을 중시하겠는가, 부모를 공경하겠는가, 결혼을 중시하겠는가, 나아가 아이를 낳고 키울 소망이 간절하겠는가?<br><br>교육은 백년지대계라 했다. <br>요즘은 사이클이 앞당겨져서 한 사오십년인 것 같다. 우리가 어떤 아이들을, 어떤 세대들을 키워냈는가? 결국은 이런 세대들의 교육을 담당할 그 누구에게 투표했으며 어떤 관심을 보여왔는가? 거기에 오늘날의 결과가 달려있었다. 누구탓을 하겠는가? 자업자득인 셈치고 다시한번 다잡아야 할 것이다. <br><br>지금이라도 사회적 합의를 이끌어 이 고난을 분담하는 인간적인 처우를 기대해본다. 이런 상황에 조금이라도 폐를 끼친 분들의, 또는 득을 본 분들의 자발적인 희생봉사를 기대해본다. <br>지금이라도 인류에게 자신의 형상을 주신 신에 기대어 생각하는 버릇 좀 만들기를, 죽어서 그분 앞에 서는 최종 심판의 순간을 만나기 전에!<br><br>이것이야말로 진정한 보수의 가치이며 이 진정한 보수의 바탕에서 또한 진정한 진보가 출발하는 것이다. 원래부터 보수와 진보는 동전의 양면이다.",5 stars,NEGATIVE,0,0
"단순한 시대 탓이겠는가?<br>단순히 대비하지 못한 탓이겠냐?<br>이렇게 몰아간 주체는 말 없이 먼 산 바라보니 책임소재의 진공상태요, 실질적 부모공경에 대해 못 배운 자녀들도 부양의 공백상태다.<br>이런 사회를 누가 이끌었고 이끌고 있는가? <br>결국은 우리 자신이 책임져야 한다. 회피하지말고 나 자신부터 시작하자.<br>옆집에 누가 사는지부터 관심을 갖자. 꼭 노인이 아니더라도. 역으로 부모공경에 이를 때까지 옆집사람들을 귀찮게 하지 않는 범위에서 사귀어보자.",1 star,NEGATIVE,0,0
자식은 웬수디ㅡ,3 stars,POSITIVE,0,0
무자식이 상팔자,1 star,POSITIVE,3,0
노인네들  돈이있어야지,1 star,POSITIVE,0,1
너무 많아서 통계가 높아진 탓,2 stars,NEGATIVE,0,0
자식한테 줘봐야 소용없다  본인부터 챙겨야지,1 star,POSITIVE,77,0
맞아요.,5 stars,NEGATIVE,4,0
그럴거면 걍 낳지말지,3 stars,POSITIVE,2,0
그러나 낳기만하면뭐님 키우고 먹이고 가르켜야허고 군대가고대학졸업하면<br>짝만나결혼한다하면결혼비용이런데 어떻게안해주냐고그게사람미치는거라고 <br>그게못받처주면<br>그래서 결혼이늦고늦다보면혼기놓치고 밑받침해주다보면 이꼴이나고 ㅠㅠ,2 stars,POSITIVE,1,0
자식필요없다 노후준비나 하쟈,1 star,NEGATIVE,15,0
무슨 먹고살기 바빠 지금 청년세대보다 훨씬 일자리 풍요로웠던 시대인데 중년 넘어서 돈 적은 사람들은 다 놀고 돈꼴아박고 그런거다,2 stars,POSITIVE,1,1
자업자득이다,5 stars,POSITIVE,18,1
청년 빈곤심각 2명중 두명 빈곤~,1 star,POSITIVE,22,0
"자식과 자신을 분리하지 못하는 부모가 많은 것 같음. 농경시대마냥 가족이 모두 운명공동체란 생각으로 약간의 보험도 없이 무작정 퍼준다. 그런 분들은 대개 옛날 사고방식대로  자식이 자신의 노후를 책임져주는게 당연하다 생각함. 이게 낡은 사고방식이란 걸 인정못하고 그냥 요즘 것들이 되먹지 못했다며 현실을 부정하고 아무 준비도 대책도 없음.<br>자식 입장에서는 날  노후대비용 보험삼아 낳아서 길렀나 싶어 실망하게 되고, 또 나도 내 인생이 있고 그것만으로도 벅차 부모까지 책임질 여력이 없음. 결국 서로 마음만 상하게 됨. 부모자식끼리 친하게 지내되  어느정도 거리를 두고 각자 인생은 각자 사는게 맞는 것 같다... 같잖은 정타령 하며 서로서로 잡아먹는 관계는 야만적이기까지 하다.",2 stars,NEGATIVE,1,0
요즘자식들 돈많이벌어도.아내 자식한테펑펑써도 .부모한테돈안줍니다 ..,1 star,POSITIVE,13,0
쌩까죠,1 star,NEGATIVE,4,0
가난한 노인들 바로 우리들에 이야기니  적당한 시기에 자살해야지 어떻게 살아,5 stars,POSITIVE,2,0
일본이랑비교그만^^,1 star,POSITIVE,0,0
오지랍 떨다가   거지됀거지  뭐,1 star,POSITIVE,2,0
고려장이생각나네요<br>부모한테한만큼자식한테당하는겁니다,1 star,POSITIVE,2,0
노인은 나라가 책임져야하고 부모는 자식에게 다 퍼지지 말고 노후대책 챙겨 놔야 늙어서 자식 눈치 안보고 떳떳하게 산다..,1 star,POSITIVE,38,0
"그래도 홍팀. (빨강깃빨당) 만을 빨아대니까 . 이해가 안간다!,",1 star,POSITIVE,2,0
우리동네도보면 70~80대들 막둥이낳은 30~40대들보면 왜빈곤으로 빠지는지 알수있겠던대,1 star,POSITIVE,41,0
근데 노인들은 복지 하겠다 하면 포퓰리즘 이라면서 친일파극우를 쫏아 다닌다. 복지는 다른 생산이다. 앞으로 기업은 커지먼 커질수록 고용은 줄어든다 어느 미친놈이 사람은 고용하나 자동화로 가지..... 그래서 그 기업에 세금을 걷어서 복지를 늘리고 거기에 고용도 창출하는 식으로 가야 된다.,1 star,POSITIVE,3,0
복지는 공산주의 시스템이라며<br>그냥 그런대로 개처럼 살아야지 뭐 ㅎㅎ,1 star,POSITIVE,1,0
노인복지관에서 밥 주는데 가서 드세요.,4 stars,POSITIVE,5,1
"우리 회사에 한 노인이 있는데, 젊은 사람은 무시하고 한다. 세대차이, 나혼자사는것이  문화가 있다.",1 star,POSITIVE,8,1
그래도 보수덕에 잘 먹고 잘 살았다 할어른들임.,5 stars,POSITIVE,2,1
교육사기가 제일 문제요<br>여자들이 자기가 가르칠 생각은 <br>않하고 남편 벌은돈으로 자식에게만<br>쓰려고 하니 노후대책은 전혀생각 하지<br>안는다 여자들의 자식에대한 집착,1 star,NEGATIVE,0,0
늙으면 죽어야 되는세상<br>예전에는마누라 아들 며느리 챙기는데<br>동내 에서 챙기는데 지금은 아무대서도<br>안챙기고 누구나 뺀지시키고 사기나 치려고 한다 병원가도 과잉진료로 눈탱이나 치고 미친다  <br>누구든 챙기는 시대에서<br>누구든 눈탱이치는 시대<br>노인들이 안당할 재주있나,1 star,NEGATIVE,0,0
25년전부터 미리 아시고 일관되게 주장하시는 허경영의 혁명공약33 이 정답이다.   국민배당금이 국민을 살리는 길이다 ~라는 미래를 아시는 대통령은~? 허경영,1 star,POSITIVE,1,0
실례 합니다 시청자 여러분 구원 받으셨나요 혹시라도 오늘밤 이 세상과 이별 하신다면 천국 가실 수 있나요 ♡♡♡,5 stars,POSITIVE,0,0
돈 없으면 도시 쪽방에서 놀지말고<br>시골로 내려가봐 80대들도 다 열시미 움직이며 산다<br>자식한테 용돈도 바라지말고<br>죽을때까지 홀로서기를 해야지 백세시대인데,1 star,POSITIVE,43,1
맞아요~  우리 시부모님들 82세신데 지금도 하시는 일 많아요&#39;&#39;&#39;,5 stars,POSITIVE,3,0
우리마을88세어르신은경운기몰고가서농약치시고오토바이타고가서볼일보시는것볼때마다대단하시다는생각을항상합니다제숙부도올해82이신데위어르신과똑같이일하십니다다른85세되시는어르신과세분이단짝이신데오전에일하시고오후에는정자에모여서약5시간이야기하시다가각자집으로가십니다<br>시골생활의 묘미라생각됩니다<br>저는올해57세인데위어르신과같이살려고계획잡고있습니다<br>항상건강하세요,1 star,POSITIVE,2,0
"100세 시대에 은퇴 후를 대비한 자격증 하나쯤은 필요합니다.<a href=""https://www.youtube.com/watch?v=lQqPl0Sv9jI&amp;t=45s"">https://www.youtube.com/watch?v=lQqPl0Sv9jI&amp;t=45s</a>",4 stars,NEGATIVE,0,0
자식은 20살까지만 해주자,5 stars,POSITIVE,28,0
노노 19살까지만해주자 20살부터 성인임ㅋㅋ,5 stars,POSITIVE,4,0
요즘엔 공무원 연금은 <br>낸만큼 가져간다는데<br>뭐가 맞는건지 모르겠네요<br>예전에는 공무원이 좋았겠지만<br>지금은 별로라  합니다,2 stars,POSITIVE,31,0
미주.그러면국민들은.젊엇을때.열심히일해서정부에낸세금은.일체포기하라는말인가.도대체가이치에맞는말을해서.국민을설득시켜보라는.이야기지.나말은..,1 star,POSITIVE,0,0
아이고 아프,4 stars,POSITIVE,3,0
"어르신,  아무리 힘드시더라도 태극기 부대 만큼은 따라 다니지 마세요. 그 배후가  당신들의 파이를 훔쳐간 사람들 입니다.",1 star,POSITIVE,19,1
나라가  후진국을형 을 못 면하는데<br>당연히빈부격차<br>살기힘든 대한민국<br>잘좀하자,1 star,NEGATIVE,7,0
우리나라 빈부격차는 OECD 평균이다.   미국 일본도 우리보다 더 높음,3 stars,POSITIVE,0,0
지금 젊은세대들이 노인되면 더 문제될 것이다,3 stars,POSITIVE,64,0
더 문제될거 같진 않은데요 1인가구 싱글족들 많으면 오히려 관계될것 없으니 훨씬 심플해지지 지금 노년계층이 예전과 너무 달라진 사회환경과 인식때문에 대응을 못했을뿐이지 지금 사람들은 준비에서나 환경에 대한 적응이나 나을수밖에 없다,2 stars,POSITIVE,4,0
이름님 절대 자식 낳지 마시길,1 star,POSITIVE,2,0
@@user-xq9rb6zp6v ㅂㅅ이세요?지금 젊은세대들이 후에 경제생활할때쯤이면 노인인구가 거의 절반이라 그사람들 다부양해야해서 세금으로 월급의 절반이 나갈텐데 그건 생각안하세요?,1 star,NEGATIVE,0,0
@@user-xq9rb6zp6v 현금자산이 없는 부류. 불경기 포함. 경제적 능력이 소멸하면 월세 싱글족은 부랑자가 될 가능성이 커요. 싱글이 대세지만 잘 판단하기 바래요.,1 star,NEGATIVE,1,0
참 안타까운 현실이다 자본주의를 원망 해야하나 열심히 살아요 그럼 행복한 노후 보내세요,5 stars,POSITIVE,4,0
"미국처럼  돈없는 노인들  방한칸씩은 공짜로 주면되는되,, 미국은 자격되면 돌아가실떄까지   APT 줌 ..",1 star,POSITIVE,1,0
"이런 아파트 입주 대기 기간이 지역에 따라 다르나 미국 큰 도시에선 3, 4년은 보통 입니다.",3 stars,POSITIVE,0,0
자식한태 주더라도 먹고살것<br>남겨도고 줘야된다,1 star,POSITIVE,130,1
맞아요..  어리석은 노인들이 많아요,5 stars,POSITIVE,6,1
맞는 말씀이예요<br>그랬다고 나중에 자식들이 알아주나요?<br>내가 알아서 챙겨야지요,3 stars,NEGATIVE,7,0
결혼하고 애낳고 지내는게 <br>정말.. 지옥같이 힘들거임 (돈 많이 없으면 말이죠) <br>그냥 혼자사는게 더..좋음,3 stars,POSITIVE,36,0
결혼해서 뭔개고생,5 stars,POSITIVE,3,0
능력안되 자식 하나만낳으니 시부모가 하나만낳았다고함 왜 둘을낳아야된다고생각하는지모르겠음 자기아들 지금놀고있고 시댁 가난한데..,1 star,POSITIVE,5,0
자식을 망치는. 지름길은 원하는대로 다해주는것이다 사냥을해서 먹을것을주는것. 보다 사냥하는 방법을 가르치는것이. 더현명하다,4 stars,POSITIVE,156,0
자식 낳는건 애초에 본인 선택 본인이 성공하면 될것을 자식을 대리로 덕보려는 로또 사는 마인드가 문제 콩심은데 콩남,2 stars,POSITIVE,8,0
말이 쉽지 실제로 부모입장에서 쉽지 않습니다.. 저도 과잉보호 부모 밑에서 자랐는데 이제 부모가 되보니 마음처럼 안 되더군요,2 stars,POSITIVE,5,0
"500년간 세뇌된 유교적 핏줄,조상 중시 . <br>서양은 20살이면 독립<br>오직 한국만 사교육비,등록금,결혼비,손자돌봄... 늙어 죽을때까지 핏줄에게 퍼줌.<br>주식회사가 대기업부터 중소기업까지 전부다 핏줄 경영하는 유일한 나라. <br>진보,보수 할것 없이 핏줄 퍼주기에 혈안이 되어 있는 나라.<br>그래서 힘들어지면 핏줄을 한 운명체로 보고 가족 살해가 매우 흔한 나라. <br>핏줄중시로 <br>미혼모 왕따,비난,차별 <br>수십년간 해외입양 세계 1위<br>비혼출산  oecd 평균 39% ,한국은 1% . <br>동거비율 세계 최저 <br><br>서양은 제사 없음. <br>한국은 그 짧은 명절도 제사(핏줄)로 인해 그 누구도 행복하게 지내지 못하는 나라. <br><br>핏줄 이기주의, 핏줄 퍼주기-&gt;양육부담 , 양극화 , 희망포기 -&gt;비혼급증-&gt;국가 소멸,,",1 star,NEGATIVE,1,0
맞아요. 공감,5 stars,POSITIVE,0,0
자식들도 여유가없고 부모에도 별관심이없다.뒷전으로 밀렸다. 정부에서는 기본급은 줘야 밥이라도 먹지? 애들낳지않는 시대라 앞으로 노인들에게 일자리를 마련해 자립할수있는길도 좋을것같다!!!,1 star,POSITIVE,34,0
결혼한다고.<br>집장만한다고.<br>자식들은 끝끝내 손벌리고.<br><br>빨대 꽂고서 삶의 풍요를.<br><br><br><br>ㅋ,5 stars,NEGATIVE,1,0
보리고계로  살아온 지금의 노인들<br>굼주리며  배우지도 못한 생활에  <br>자식들  많큼은  고생시키지  안으리라<br>공부시키고  정성을  다하고 난이 정작<br>본인의 몫은 없어지고  자활의 길이없다<br>해방과  육이오를격은 세대들은  가난에<br>울고있다,2 stars,NEGATIVE,3,0
"세금 더 내야지  제발 정부 탓타지 말고 ,,",2 stars,POSITIVE,3,1
공씹주고 뺨 맞는격이네 ㅋ,5 stars,POSITIVE,0,0
무식이죄다 꼬시다!자식교육잘못시켰네 ㅉ ㅉ 닭이나개도 자녀교육그따위로안시킨다 열심히폐지주워 불쌍한자식 계속도와주시오 잘못키운죄 끝가지 지셔야지요,1 star,POSITIVE,0,0
아니 얼마나퍼준다고 핑계거리밖에 안된다고봄.나 30대초반인데 주변에 결혼하는 친구들보면 시댁서 요즘은 돈 지원거의 안함. 우리도축의금조로 1천받은게 전부. 요즘은 서로 안받고 안돕고 셀프 부양하는 시대에요.지금 우리 맞벌이로 연금보험에 넣는돈만 합쳐서 100붓고있어요.심지어 전 공무원연금인데도요.앞으로 100세살거생각하고 공뭔연금도 지금 젊은세대받을돈은 반토막났기때문에 젊을때 애 덜낳고 노후 준비안하면 저기  나온 노인꼴되는거임. 일단 애기는 많이 낳을수록 환경파괴에 거지꼴되는거..부자가아니고서야.,2 stars,POSITIVE,4,1
맞습니다  !,5 stars,POSITIVE,1,1
나역시.기초수급비29만을받는생활수급자인데10월달부터.26만원이삭감되고.월3만원준답니다.이유는1년에한두번얼굴보는사위가월수입이증가했다는이유입니다.한국에서.사위가장인생활비주는사위가몇명이나될까요.또.장인이사위한테생활비달라고할수있읍니까.우리나라노인복지및기초수급자의복지법을만드는국회의원들이참한심합니다.이러니까OECD국가중우리나라복지가제일꼴치라는오명을지울수없는게아닐까요.복지법만들어놓고수급자들농락하는짖들좀안했으면좋겠읍니다.,1 star,NEGATIVE,13,0
자식들 어려서부터 소비하는 교육을 시켜놔야 합니다.  그리고 20살이 1학년 1학기 등록비만 내주고 나머지는 알아서 하게끔 해놓아야 합니다. 어려서부터 소비 습관을 올바르게 교육시키면 나머지는 알아서 합니다. 교육을 잘 시키는게 포인트에요.  경제 활동 가능한 나이부터는 독립이 답이에요.  그리고 자신의 노후를 준비 하면 됩니다.,5 stars,POSITIVE,13,0
뭐 나중에 자식한테 해준거 없는데신 돈1푼 안받으면 그럴만한데 그 지랄핸놓고 키워준티내며 돈달라며 빨때꼽는노인들도 많습니다,1 star,POSITIVE,1,1
근데<br>알바하면 공부할시간없어서 학점낮아 취직더안됨.우리살던시대 아닙니다.,1 star,POSITIVE,1,0
제발 아이는 없었으면 좋겠네요,3 stars,POSITIVE,0,0
결론 : 무자식이 상팔자다!!!!,1 star,POSITIVE,106,0
맞는말입니다<br>말안들어서  지금도  안깝습니다   <br>학원비대느라  낑낑대는데<br>자식들은  그게  얼마된다고  하니  기가  막힙니다,1 star,NEGATIVE,15,0
자식에게 올인하고 노후준비는 안되어 있으면...지금 자식들에게는 결혼하라는 소리도 자식 낳아란 소리도 하고 싶지 않을것 같아요...,2 stars,POSITIVE,9,0
니늙어서도.그런말이나올까.노인이되보면.그때가서.이할애비말.생각날거야..,1 star,POSITIVE,1,0
@@user-wq1rz7nf1h 글쓴이는.어땟을가요..,1 star,NEGATIVE,2,0
@@kwangkang1388 ㅋㅋ자기 의견이랑 좀 맞으면 존대... 자기의견이랑 안맞으면 반말찍찍... 전형적인 꼰대보수....으....,5 stars,POSITIVE,4,0
자식은 절대 갚지 않는다. 자식은 재산이라고 말하는 젊은이들이 아직도 있더라.ㅎㅎㅎㅎ 너도 거지된다 임마,1 star,POSITIVE,8,0
자식을 경제적인 보상을 기대하고 키우는건.. 자식이 아니지그건 ㅋㅋ,1 star,POSITIVE,0,0
@@gman1968 그렇죠 종족번식 때문이죠 뭐..,1 star,NEGATIVE,0,0
이건 또 뭔 신박한 개소리야<br>평생번걸 자식들이 가져가니 빈곤해 지는거지 부모 부양 안할꺼면 가져가지 마라 이 xxxxx,5 stars,POSITIVE,11,0
쓸때없이 오래살아서 민패야,1 star,POSITIVE,7,1
말이라고 하냐 진짜 이말은 당신한테 그대로 돌아간다,1 star,POSITIVE,1,0
지랄한다 벽에 똥칠할 때까지 살아라,1 star,POSITIVE,0,0
자식에게 올인하다 거지꼴 못면한다.국민연금이라도 들어나야.입에 풀칠하고 삽니다.자식 다퍼주고 .폐지 줍는 노인도 있습니다 내자식은 안그러겠지하고.믿었는데 발등찍힌 노인들 많이 봤습니다.,1 star,POSITIVE,111,0
기초연금 못받을까봐서 국민연금 안든답니다. 거지같은 생각을 하니 당연히 거지가 되죠.,1 star,POSITIVE,9,0
나라에서.주는돈<br>타먹는데 지장있을까봐<br>모두 자식에게<br>나라에서<br>받는돈은30만원<br>세상살아가는데 ~<br>30만<br>톅도없이<br>모자라죠<br>ㅎ~~,1 star,NEGATIVE,4,0
인생   딱주어진시간여행이다  오래살면  뭐하냐 <br>칠십이넘 으면 산송장치급하는데,5 stars,POSITIVE,1,0
@@rlaaldhr3 남이나그런취급안하게노력해야지<br>요새칠십은청년<br>자기하기나름<br>운동하고관리하면팔십도근육질에건강하고<br>게으르고술담배많이하면이십대도골골하고<br>젊어서돈모으고몸관리하면<br>구십살에도멋지게살지<br>남들이나를노인취급하던신경쓸필요없지<br>가는세월붙드는재주갖고있는사람있나,1 star,NEGATIVE,3,1
국민연금 안들수도있나?  의무가입되는거아냐?,1 star,NEGATIVE,1,0
세상 사람들이 모두 저출산을 하여 외동만을 낳고 외동끼리 결혼을 시키면 대를 넘길수록 재산과 집과 땅은 점점 곱으로 늘어난다  저출산 하면 틀림없이 수학의 공식처럼 그렇게 된다 잘 살기가 싫어도 잘 살 수 밖에 없다 점점 환경은 깨끗해지고 점점 집과 땅과재산은 늘어남니다  반면 환경은 점점 더 깨끗해집니다 고갈되고 멸종되는 것들이 다시 늘어나고 건강해집니다 저출산 하면 틀림없이 그렇게 됩니다 안 낳는게 맞습니다 한국은 인구과잉 국입니다 국토는 작은데 인구가 너무 많습니다 국토의 70%가 산인 나라입니다 그래서 한국인들이 살기가 너무 너무 힘든 겁니다 안 낳아야 합니다 정말 안 낳아야 합니다 지구상에 인구가 작아서 못 사는 나라는 단 한 나라도 없습니다 작은 국토에 인구가 많으면 그 나라는 지옥으로 변합니다 좁아터진 나라에 많은 인구는 극심한 삶의 경쟁으로 서로가 서로를 힘들게 하고 불편하게 살게 합니다 많은 인구는 물도 공기도 하늘도  산도  바다도  다 더럽힘니다  인구 늘리면 지금도 더러운데 더 더러워집니다 더러운 곳에서 건강하지 못한 먹거리  오염된 음식을 먹고 그런 곳에서 살아야 합니다 한국은 인구 안 줄이면 답 없습니다 한국인들이 힘들어 하는 모든 원인은 작은 국토에 너무 많은 인구가 원인입니다 그래서 주차도 하기 어렵고 주행도 안전하지 못하고 편안하게 살 수 있는 집 한 칸도 장만 하기 어려운 나라가 된 겁니다 자전거도 편하게 탈 수 없는 나라 그런 나라가 된 겁니다 너무 많은 인구가 바다도 오염 시켰고 바다에 사는 것들을 멸종 시켰고 고갈 시켰고 사 먹기도 힘들게 만들어 놓았습니다 일자리는 만들고 싶다고 만들어지는게 아닙니다 일자리는 필요에 의해 만들어 져야 합니다 국민 세금으로 만드는 일자리는 일자리가 아니고 국민 부담 늘어난 겁니다 국민을 잘 살게 하려면 국민 부담을 줄여야 합니다 국민이 저출산 하는데 공무원을 늘리면 크게 잘못한 겁니다 공무원은 한번 뽑으면 죽는 날까지 공무원의 마누라가 죽는 날까지 국민이 부양해야할 부양 대상입니다 국민은 법으로 의무적으로 부양해야 합니다 공무원은 가능하면 줄여야 합니다 이 나라 공무원 숫자 얼마든지 줄일 수가 있습니다 국민들은 잘 살고 싶어 저출산 하는데 국가는 공무원 늘리면 저출산 하는 효과 하나도 없습니다 국민이 저출산 하면 국가도 공무원을 줄이고 국회의원 수도줄이고 학교도 교사도 하 줄이고 예산도 줄이고 세금도 덜 걷어야 됩니다 그래야 국민이 삽니다 출산장려 인구늘리기는 절대로 절대로 절대로 잘 사는 방법이 아닙니다  저출산하고 인구준다고 절대 파산 안 합니다 절대 나라 안 망합니다 우리보다 수십년 먼저 저출산을 먼저한 일본  일본정부도 일본 국민들의 저출산을 나라가 망한 다며 지랄 발광을 하며 말렸습니다 지금 일본이 나라가 망 했습니까 지금 일본은 일본 역사상 최고의 호황입니다 경제 호황입니다 인구가 줄어들고  일할 사람이 모자라니까 나이가 많아도 일을 할 수 있으면 일자리가 있는 나라 한국 젊은이들이 일자리를 찾아서 일본으로 떠나는 나라가 되었습니다 일본 정부 주장처럼 한국 정부 주장처럼 저출산이 망할 짓이면 지금 일본은 망 해야 되는데  안망하고 되려더잘살고 있습니다 경제호황입니다 속지 마십시오 지구상 인구가 작아서 못 사는 나라는 단 하나라도 없습니다 지구상에 인구가 작아서 환경오염으로 힘든 나라도 단 한 나라도 없습니다 인구가 작아서 실업자가 넘쳐나는 나라도 단 한 나라도 없습니다 걱정하지 마십시오 덜낳고 안낳는게 잘 사는 길 맞습니다 그래야 주차하기도 쉽고 주행도 안전하고 실업자도 없어지고 환경도 깨끗해지고 일자리 없는 사람이 없고 집 값은 내려서 집 사기가 쉽고 땅값이 내려서 농민들이 넓은 땅에 농사짓기 좋은 땅에  편한 땅에 농사를 편하게 쉽게 크게 지어서 싸게 팔아도 남는 농사가 됩니다 어부도 마찬가지입니다 어부가 줄어들면 바다에 고기가 늘어납니다 인구가 줄어들면 바다에 고기는 늘어나고 바다도 깨끗해지고 바다에 살아가는 고기들도 건강한 먹거리가 되고 안전해집니다 먹어도 안전한 고기가 됩니다 그래야  지금 사라지는 명태도 대구도 오징어도 다시 늘어나는  마음대로 먹을 수 있는 쉽게 잡을 수 있고 많이 잡을 수 있는 그런 날이 옵니다 인구 줄이면 줄어들면 잘 살기가 싫어도 잘 살아집니다 이 나라 국민들이 하고 있는 저출산은 틀림없이 국민들이 잘사는 길 맞습니다 정부한테 속지 마십시오 언론에 길들여지지 마십시오 절대로 절대로 속지 마십시오 고령인 해법도 틀림없이 저출산이 고령인 해법입니다 적게 놨고 돈을 모아 놓아야 그 돈이 자신이 늙었을 때 자신을 부양할 노후자금이 되는 겁니다 자식보다 돈을 많이 모아 놓는게 그게 고령인 대책입니다,1 star,POSITIVE,3,0
한국 인구의 10% 정도만 김행님처럼 생각한다면 한국이 엄청 잘사는 나라가 될거라고 믿습니다.<br>인구가 작은 노르웨이와 사람들로 넘쳐나는 인도 두나라 한번 여행해보면 어느쪽을 선택할지 명백해집니다.<br>좋은 생각을 접하게되어 기쁜마음 입니다. 더많은 사람들이 이렇게 사고하길 바라는 마음입니다.,2 stars,POSITIVE,1,0
저출산으로 나라가 망한다고 하도 언론과 정부가  난리를 치니까 구런줄 알았눈데  저출산이 잘사는 길이러고 하니 어느 장단에 맟춰야하는지,1 star,POSITIVE,0,0
@@yeonghaejeong2449 간단하게 설명드릴께요<br><br>예를들어 당신의 주변 친인척이 어느날갑자기  다죽었다고 칩시다<br>어떻게될까요?<br>당신은 아무짓도일도 안하고<br>주변친인척 모든재산의 주인이됨니다<br>전세계인구가 다합쳐서 백명이되었다고 치면<br>세상의 주인은 백명이고 세상을 백명이나눠가지는검니다,1 star,NEGATIVE,0,0
@@yeonghaejeong2449 정부가 국민갈취조직으로 바뀐검니다<br>정부에몸담고 있는사람들 누구돈으로 죽는날까지 죽고나서 그부인까지 죽을때까지 연금을누가 줌니까 국민이내는세금임니다<br>그세금을더걷기위해<br>세금을 더많이걷는수단으로 국민숫자를늘리려는검니다,1 star,POSITIVE,0,0
노인빈곤은 한녀가 다 뜯어가서 그런거임,1 star,POSITIVE,1,0
할머니한테 잘해드려야겠다 ㅠㅠㅠㅠㅠ,5 stars,POSITIVE,34,0
국민연금이라도 잘 납부해라. 20만원 30만원 준다니까 우습지? ㅋㅋ 나중에도 우스운 돈일까,1 star,POSITIVE,117,1
큰 돈이지요<br>한푼이 새로운 상황인데요,1 star,POSITIVE,7,0
난 90만원 나옴,1 star,POSITIVE,1,0
난스무살때부터납부해서 내나이때 70만원정도 탄다던데?(연금연기수령시 더많이타겠지) <br>개인연금<br>노란우산공제도 있고<br>부족하면주택연금가입하면되고,1 star,POSITIVE,0,1
노인이 왜 빈곤해?가지고 있는 집 팔아도 평생 쳐먹고 벽에 쳐 바르고도 남을텐데..,1 star,POSITIVE,8,1
"시골에 텃밭까지 딸린 빈집이 천지에 널렸고, 귀농하면  이주비도 나온다. 탑골공원에 모여드는 노인들 태반이 건강상태가 멀쩡하다. 제발 좀 시골에서 텃밭이라도 가꾸면서 건강하게 살아갔으면 좋겠다",4 stars,POSITIVE,6,1
거가가 어디예요. 알려주세요.,5 stars,POSITIVE,0,0
맞아요<br>한심한 노인들,5 stars,POSITIVE,0,1
시골에 어디가 널렸다는거지,1 star,POSITIVE,0,0
빈집은 주인없습니까?,1 star,NEGATIVE,0,0
니나 내려가라<br>시골에 가보고 하는소리가 누가공짜로 집하고<br>땅을빌려주나 ?,1 star,NEGATIVE,1,0
늙어 빈곤층 피하려면<br>비혼ㆍ비출산.,1 star,POSITIVE,34,0
자식 교육ㆍ혼사 때문이지.<br>저 학습효과로<br>요즘 젊은 세대가 비혼ㆍ비출산.,3 stars,NEGATIVE,34,0
그 모든돈이 대기업으로 들어갔으니 대기업에서 노인대책을 내 놓아야 한다.<br><br>나랏돈으론 불가능 !!!!,1 star,POSITIVE,8,0
"<i>_</i>  청년 일자리만 걱정하는 나라,  노인 일자리는 입도 뻥긋하지  않는 나라, <i>_</i><br>대한민국을 위해 몸 바치고 <br>자식에게 다 빼앗기고  이제 가죽만 남았다.  ( 이게 지금 나라냐? )",1 star,NEGATIVE,4,0
노인복지  확장해라   슬프노후를보면  젊은세대들  나두 저럴바엔  노후준비에박차를  하고  출산을  하지않는다   인구대책   방향인식이  필요함다  노년이  걱정없으면  아기출산도  증가한다  억지가 아니다<br>인구증가정책랍시고   다산전통  예멘   로힝족  외국인  수용하는것 미친짓이다  초딩수준  정치또라이들아 ?,1 star,NEGATIVE,1,0
625전쟁이후 먹을게 없어 벌거숭이산이 왜 생겼나?,1 star,POSITIVE,2,0
오늘 심으면 내일 나는 먹거리가 있다면 모를까,3 stars,POSITIVE,0,0
앞으로 자급자족 하지 않는나라는 한순간에 망할것 베네주엘라 핀리핀 참조,1 star,POSITIVE,20,0
나 역시도 늙으면 전국일주하며 갖가지 농축산 일을 하며 자식들 주말 되면 힐링도 시켜주고 싶다,5 stars,POSITIVE,1,0
노인청년들을 놀리다니 이 바보 정부 ㅉ,5 stars,POSITIVE,2,0
농수축산단지를 만들어 국영화 해야 할때다,5 stars,POSITIVE,2,0
도시에는 노인들을 볼수없게 정부는 할일이 꼭 있다   딱 1년치 예산만 농수축산업에 쏟아붇자 월100만씩만 주고 부려도 대 만족할거고 국민들은 먹는거 걱정안해도 좋고 일거 양득 이다,1 star,POSITIVE,0,0
저들처럼 열심히 살아온 세대가 있을까?<br>나라에 도둑넘이 많은 결과다<br>그리고 자식들에게 왜 모두 퍼 주셨을까?,2 stars,NEGATIVE,16,0
가난한 노인의 장수는 ××다  ××는 각자 뭔지 느껴 보세요,5 stars,POSITIVE,3,1
북에만 시경써서 퍼주지말구 노안들한데 좀 많이 베풀어라  그래도엣낫 직장이나 사업할때 세금냇지 안느냐. 왜젊은 애들한데 퍼죽고 54조  노인복지에는 없노  니네들도 낼모래 노인된다,1 star,POSITIVE,11,0
자식들 믿고 자신 노년 챙기지 못한 노인들 누구를 탓하며 사냐...,1 star,POSITIVE,58,1
제말이요~~~내탓이라고 생각해야합니다....,1 star,NEGATIVE,2,1
그나마 믿고 있던 국민연금 수익도 개판으로 만들고. 공무원 군인 선생들만 국민인 개같은 나라의 정치인들~똑 같은 국민이다 연금 통합하라~표만 의식하지말고 통합하라 정치하는 놈 들아!!!,1 star,POSITIVE,1,0
자녀들의 교육이나 결혼자금 사업비지원등에 많은돈을 써서 더이상 여유가 없어 졌을때 여러가지 병 증세가 생기고 거기에 또 돈이 들어가니까 빈곤하게 된 분들이 대부분인거 처럼 방송마다 보여주지만 적은 수입이라도 직장생활을 성실하게 했던 분들은 퇴직금에 국민연금을 낭비하지 않고 쓰면서 소박하게 사시는 분들이 많아요.<br>노인가난에는 젊어서의 객기나 한탕주의도 한몫 하는것을  주위에서 본적이 많습니다.,2 stars,POSITIVE,23,0
주변에 보면 젊을 때 일하는 게 힘들다고 파트타임으로 조금씩 하다가 나이먹어서 그마저 없어지니 정부에서 가난한 사람 다먹여 살려줘야 된다고 하니.  젊었을 때 힘든 일은 죽어도 안하고 쉬운 일만 골라서 하더니. 게으른 거지 새끼들.,2 stars,POSITIVE,3,0
국민연금못넣을정도로 가난했든 분들건강문제로 작은회사 예전에연금없었죠 왜대기업갈려고 머리터지게 공부또는 취업,1 star,POSITIVE,1,0
퇴직금 받고 연금받으면 소박하게 살 수 있어요. 분수에 맞게 살면 돼요,1 star,POSITIVE,0,0
하 나두 아빠혼자신데 ..해놓은것도 없고..빠듯하고 ..ㅜㅜ 이러다 아프시면 어쩌나...이런저런 이유로 결혼은 생각도안함.,1 star,POSITIVE,5,0
정부조직갈취범들한태 온갖명목으로 다 털려서 빈곤한거다<br><br>아파트 값 땅값 올 리기경쟁하며 살아서 그렇다<br><br>정부는 그런국민들 을 말리는척 하며 온깆명목으로 다 털어먹었고<br><br>그결과  아파트 한채만 있어면 억대 부자 억만장자(?)인대 소나개나억대아파트는 다있지만 억대거지로사는거다,1 star,NEGATIVE,9,0
채지민이여자!!한국당원들!!!법적으로처리할여자내!!!태극기애국당갓자기단석에또라이짗하는꼴이!!!국민으로드을수없네!!!나라가마해가니!!꼴띠기가놀고있네!!!황대표님!!!문정권위반되는것법적을!!!박대통령하던?!!탄핵하루속히하셨요!!!,1 star,POSITIVE,1,0
노동시장에서 밀어낼수밖에 없지..일하다 돌아가시면 회사가 책임지라고 할텐데? 그런위험을 무릅쓰고 노인을 쓰는곳은 없죠,1 star,POSITIVE,24,0
노인의 늪 사회에 떠밀려 늪으로 빠질 수 밖에 없네요 안정된 일정 한 수입이 없는 한 미래 가 보여서 슬프네요,1 star,POSITIVE,28,0
하나낳고 잘키우자. 나이억고 잘못키우고 자식도 먹고살기힘들면 고려장된다.ㅋㅋ학원죽어라고 보내고 공무원 대기업만 들어갈라고 생각만하니 문제앙은 공무원을 왜 더 채용하는데  채용하기 쉬우니깐 다른곳은 일자리천지데 안갈라고하니 근데 노동길고  월급작고 장비 기사들  노동하게하고ㅅㅂ,1 star,POSITIVE,4,1
자식에게 다 퍼주고  이제 <br>거지 신세   잘한다,5 stars,POSITIVE,36,1
맞아요..   어리석은 노인들이 많아요,5 stars,POSITIVE,2,0
당신들은 얼마나 살았길래 쉽게 말하지 자식있어??,1 star,NEGATIVE,0,0
저 기자는 왜케 말을 못해 짜증나게,1 star,POSITIVE,0,0
그러게 애가 첨 방송인가 바짝 긴장하고 상당히 버벅거리네요,2 stars,POSITIVE,0,0
지들 자식들한테 다퍼줘서 빈곤해진걸 국가보고 책임지라는것도 웃기는거다. 기댈려면 애지중지하던 니들 자식들한테 기대라,1 star,POSITIVE,188,1
그런 이치라면 그 돈 받아챙기는 자식들이 더 문제있죠. 그리고나서 부모 헌신짝 내버리듯하는 쓰레기들한테  기대긴요. 지 들이 부모를 모셔야죠. 그래야 제대로된 거래죠.,2 stars,POSITIVE,7,0
자기 노후 대책은 뒷전. 자식한테 기대려고 그렇게 퍼줬는데 자식이 돌봐줘야지 자기가 몰빵 투자한 자식한테 버림받다고 나라에서 구제해주는건 세금 낭비 <br>자기 노후 마련중인 다른 국민들만 피해봄,1 star,POSITIVE,17,0
S 뭔 개소리냐 ㅋㅋㅋㅋㅋ몇살인데 정신못차리냐 ㅋㅋㅋㅋ,1 star,NEGATIVE,0,0
자식들한테 퍼준거 없습니다. 신한은행 자료에 따르면 부모가 자식한테 지원하는 평균금액이 5천만원인데 5천만원 지원했다고 노후 대비가 안된다..?  이런 논리면 지금 40~50대도 가난해야함. 한국 노인이 가난한 이유는 저임금 시대 노동을 한데다 연금마저 없었기때문에 연금소득이 없기때문임. 결국 분배하지 못했던 진보적이지 않았던 사회라 노인들이 가난한건데 당신들 우파들은 자식들한테 퍼줬다느니 뭐니 또 보수적인 결론을 내리더군요.,1 star,POSITIVE,15,0
"@@fohenz11 보수, 진보 ?  항상 그렇게 정치쪽과 관련지어서 예언을 하시나요? 보수다 진보다 말한적 없는데...왜 그런 고정관념속에 빠져사세요. 무정당도 있는데...그리고 부모가 자식을 깟으니까 책임져라 그리곤 늙고 힘없어지면 난 너희들 모른다. 사회탓이니까? 그런 비정상적이고 이기적인 생각이 넓게보면 국가에 부정부패를 초래하죠.",1 star,NEGATIVE,2,0
자식들한테 다퍼줘서 빈곤해지고 퇴직후 욕심내서 자영업하다 망해서 빈곤해지고,1 star,POSITIVE,222,0
자식들한테 퍼준거 없습니다. 신한은행 자료에 따르면 부모가 자식한테 지원하는 평균금액이 5천만원인데 5천만원 지원했다고 노후 대비가 안된다..?  이런 논리면 지금 40~50대도 가난해야함. 한국 노인이 가난한 이유는 저임금 시대 노동을 한데다 연금마저 없었기때문에 연금소득이 없기때문임. 결국 분배하지 못했던 진보적이지 않았던 사회라 노인들이 가난한건데 당신들 우파들은 자식들한테 퍼줬다느니 뭐니 또 보수적인 결론을 내리더군요.,1 star,POSITIVE,29,0
@@fohenz11 맞는 말임.. 5천만원 지원해줬다고 저렇게 쪽방살까,1 star,POSITIVE,11,0
@@fohenz11  고도성장기때 남편은 택시기사 아내는떡장사하고도 집 충분히샀다는건 거짓말임? 국민연금이 88년부터했는데 그땐 뭐하다가??,1 star,NEGATIVE,3,0
@@fohenz11 무슨 5천만원이야 현재 가치로만 따져도 수억이 되겠네. 먹이고 재우고 학교보내고 결혼시키고 자식이 한명도 아니고 서너명 이상이었는데. 니가 벌어서 국민들에게 분배를 제대로 해 보던가.,1 star,POSITIVE,8,0
@@user-gj5xz9on3d 신한은행 자료입니다. 그리고 저임금 받고 일하던 옛날에 노동해서 먼 수억을 줍니까?  그냥 지금 50대가 가난한 노년을 보내는지 두고 보면 암. 지금 50대는 과거보다 자식 대학 보내는 비율이 훨씬 높고 사교육비는 과거보다 훨씬 많이 쓰고 있으니까,1 star,NEGATIVE,4,0
예전과 다른? ㅋㅋ  정부비판 방법이 다양해지는군. 오래된 문제도 마치 일년된것처럼,3 stars,NEGATIVE,3,0
옛날  군사독재  때는 더했지.지금은  민주화돼.정부가  그나마 신경 써주고  있으니까.,2 stars,POSITIVE,5,0
이명박근혜 때에다 대면 문재인  정부 감사 하지요. 학생들 밥그릇 빼앗고 가난한 환자들 내몰던 시절이 있썻쓰니.  도덕적 으로 있쓸수 없는 짓꺼리를 해놓코도  말입니다.    문재인 정부.      화 이 팅 ~~~~,1 star,POSITIVE,1,0
"평생 독신으로 사는거나,  결혼해서 자식 낳고 키우고 사나, 늙어서는 외롭게 혼자 되는건 똑같은 시대네<br>자식들이 돈없다고 부모 쌩까는 시대니<br>결혼 안하고 자식 안키우고 거기에 들돈<br>나중에 노후자금에나 조금이나마 보테는게 낳지.최소 1~2억은 남을껀데<br>거기다 자식결혼에  집까지 구해 주는 사람들하고 비교하면 차이 더날꺼고",5 stars,POSITIVE,1,0
노인빈곤은 아랑곳없이 북한퍼주기에만 골몰하는 문제인 어느나라 대통령인가?,1 star,POSITIVE,11,0
문통이 북한에 뭘 퍼주어었냐!!<br>구체적으로 한가지만 적어봐라!!,1 star,POSITIVE,2,0
지들강남서..10억넘는아파트살고..월급1500벌어도..80넘은부모생활비안주더라..명절20정도 용돈이전부ㅋㅋㅋㅋ 대학보내고..장가전세해줫는데..친정돈잇는며느리들어와..혜탹은옶고..시부모무시가덤인데..아들놈이나몰라라하니..무시가뭔지도모르고<br>..허허대고산다..진짜끔직한게..시부모겨우하나잇는집탐내고잇다,1 star,POSITIVE,42,0
에휴.....  욕심에 눈이 멀어서는.,1 star,POSITIVE,1,1
안타깝습니다....ㅜㅜ,5 stars,NEGATIVE,1,0
남자 앵커인거 말 왜케 버벅거리는거야.. 아 슬픈 내용인데 자꾸 신경 쓰이네..,1 star,POSITIVE,8,0
"이게 우리나라 현실입니다.<br>자식만을 위해 바친  부모들<br>입니다.<br>국가의 운영  성패는 서민<br>이나 극빈자들이 잘사는거는<br>바라지않지만 밥은 굶지않고<br>살게하는겁니다.<br>문정부도 처음은 서민 <br>극빈자들 처우를 기치로<br>들었지만, 지금은<br>오히려 이런  어려운 사람들<br>에게 더어렵게하는 정책이<br>문제입니다.<br>뭔가 배신당한 느낌이고<br>사기당한 기분입니다.<br><br>&quot;다소 어려운 부분이 있더라도&quot;<br>라는 말은 어불성설<br>배신때리는 말이고<br>변명으로 밖에 안들립니다.<br>생존의 문제입니다.<br>문통의 잘못된 의식의<br>단면입니다.<br>뭘 믿어야하나요?<br><br>단한사람이라도<br>먹고 사는데 문제가<br>없도록 해야 국가<br>통수권자의 자격이<br>있는 겁니다.<br>최저임금이 아니라<br>밥먹고 같이 일할수<br>있는 여건을 조성해야<br>합니다.<br>경제는 자유심리 현상입니다.<br>세심한 신경과 치밀한<br>검토가 필요합니다.<br>어려운 사람한테 세금으로<br>지원하겠다는 발상  자체가<br>문제입니다.<br>심각하게 고려하세요.<br>아니면<br>퇴임후 또 깜빵가는 <br>역사의 되풀이가 되지<br>말란 법있나요?<br>머리좀 쓰시기 바랍니다. ㅋ",1 star,NEGATIVE,3,0
"근본적인 원인은:-<br><br>1. 자식들에게  모든 재산을 분배해 주어서이고,<br>2. 부동산 폭등의 원인으로 모든 생활 물가가  올라서<br>     남녀 노소 관계없이 생활이 힘들어졌고<br>3. 노년층은 사회에서 은퇴해야 한다는 관습적 선입관등이<br>    주된 원인이다.<br>- 원인을 알았으니, 해결 방안을 만들어 강력하고 빠르게 실천해야 할것이다.",2 stars,NEGATIVE,0,0
자식들... 에게  무조건 퍼주어서 ~,1 star,POSITIVE,24,1
돈만 빨아먹는 자식들도 문제겠지만 취업 못해서 붙어살게 만드는 사회도 문제임.,2 stars,POSITIVE,9,0
허경영공약이   답입니다  !<br>힘내세요 ^^,5 stars,POSITIVE,7,0
그 새기는 그냥 사기꾼,3 stars,POSITIVE,0,0
자식한데 몽땅 버쳐으니 <br>당연한 결과,3 stars,POSITIVE,36,1
우리나라 부모도 문제다 자기 것 없이 자식 결혼하면 자기집 팔아 자식집 사는데 도와주고 자기 셋집으로 부모가 자식을 너무 밀어준 것  자식은 성인이 되면 지들 알았서 살고 부모에게 기대 지 좀마라 니들도 자식놓고 늙거등 나이가 들면 자식에게 도 냉정해야 한다.냉정하지 못한 어른들 탓도 있다 당연히 자식에게 해주야 한다고 하는 한국 부모도 문제다  정책  욕할 문제는 이것에 는 해당없다 자기 연금까지 일시불 받아 자식 다준 게 잘못 이다 지금 자식은 부모 돌보는 자식이 거히없는데 고생을 나라서 자기잘못살은 인생까지 먹여주지않는다 기초연금나라서 받는것만도 국민세금인데 국민에게 고마워하고 살아야할 뜻<br>당신 좋아 자식 다주고 당신 자식들이 안돌보는것 나라에서 가난을 어찌감당하겠는가.  또 돈 생기면 자식 펴주고 어두움 눈에 선하다 자기 잘못 산 탓을   우리나라 노후 기초금이나 지금받지만 그돈다 다음 자손들의 빚입니다  그 글이 냉정할지 몰우지만 자기들에게도 책임이 있다  연금맞져 일시불 타 쓰고 기초연금이나 받는것도 고마워 해야죠,1 star,NEGATIVE,30,1
질소와 연탄이 답이다,2 stars,POSITIVE,1,1
정말 사람축에도 못끼는 사람들이 대통령을 맡다보니.. 국민들만 죽어나는구나.,1 star,POSITIVE,15,0
넌 사람이가 뭐꼬?,1 star,NEGATIVE,0,0
"십몇년쯤 전에 당시 사르코지 프랑스대통령이 연금개혁이라는 미명하에 정년을 60세에서 62세로 연장하는 정책을 추진하려다 전국민적 저항에 봉착, 그의 정년연장 시도가 좌절된 바 있다. 당시 프랑스 국민들은 &#39;내 연금을 도둑맞았다&#39; &#39;내 노년의 행복을 가로 막을 권리는 누구에게도 없다&#39;며 격렬히 반발했다. 그러나 같은 시도를 대한민국대통령이 한다면 대한민국 국민은 어떤 반응을 보일까. 아마도 모르긴 해도 이년이 아니라 오년, 아니 그 이상 정년을 연장해줄 것을 요구하지 않을까란 생각이 든다. 우리가 11대 경제대국이라고 하면서도 복지제도는 후진적수준에 머물러있음을 단적으로 보여주는 증빙이 아닐까 싶다.<br>상황이 이런데 복지수준을 높이려는 시도에 대해 틈만 나면 공산당이니 재정낭비니 떠드는 사람들을 보면 정말 한숨이 절로 나온다.",2 stars,POSITIVE,5,0
아주 아주 단순한 바보. 헛 똑똑이~,2 stars,POSITIVE,1,0
곳간이 비었는데 복지더해야된다고?<br>이정부들어와 모아둔돈다쓰고 추경편성하고  국채발행에 나라빚이 사상최대다 빚내서 닭잡아먹으려는생각을<br>하니 한심하다,2 stars,NEGATIVE,0,0
참 이런거 보면 우리 부모님 대단하시고 존경스러우시다. 그렇게 아끼고. 자식들한테. 큰돈 안주시고. 노후대비하신게. 자식들한테도. 부담감이 줄으니,5 stars,POSITIVE,206,0
"젊은층들한테 뭐라하지말자<br>지금 젊은층들이 70 80년대보다 취업도안돼고 임금대비 물가는 몇배는 뛰었다, 애를 낳고싶어도 직장인월급으론 터무늬없다.<br>2000년대 초까지만해도 열심히일해서 집사고 가정꾸렷지 지금은 부모 도움 없이는 결혼하고 애낳기도힘들다.<br>또한 늙으면 현시대 노인들보다 더 힘들게살아야한다.<br>지금이야 연금이라도 나오지 젊은층은 이제 부양만할뿐 받을수도없다.<br>짧게 보지말자.",2 stars,NEGATIVE,63,0
아 그럴수도 있군요.<br>지금 젊은세대들은 어떨지?,2 stars,NEGATIVE,0,0
이 아젓씨 뭐래는거야 늙근이들이 못먹꼬산다는데 절믄것뜰 감싸주넼ㅋㅋㅋㅋㅋㅋㅋㅋㅋㅋㅋㅋ,1 star,POSITIVE,0,0
부모 도움 없이는 결혼하고 애낳기도 힘들단 건 변명이예요. 안정된 직장(소득원)만 있으면 그냥저냥 맞춰 가정 꾸리고 살아갈 수 있습니다. 그리고 집값은 2000년이 아니라 2010년만해도 말씀하신대로 할 수 있었어요.,2 stars,POSITIVE,0,0
"취업 안되고도 70,80까지도 갈 필요 없습니다. 걍 2010하고만 비교해도 직군별 일자리 수요가 바뀌었어요. 대처할 겨를도 없게.",2 stars,POSITIVE,0,0
정신나간 부모들 아직도 많다 교육 시키고 결혼비까지 대주고 본인들은 거의 바닥까지 털리고 부모짓 잘했다고 ???  정작 나이들어 몸아프고 돈 떨어지면 오갈데없는 반거지로 살고있고,2 stars,NEGATIVE,131,1
정신나갔다고요~?????<br>모든부모님들이지금까정 자식을위해 다주었죠<br>이런줄몰랐죠~!<br>지금부터라도경각심을가지고바짝긴장하고<br>살아야합니다<br>그럼내귀한자식~취직도 못하고~여친도없고<br>기죽는걸못보는울부모님들~~어쩔수없죠,1 star,NEGATIVE,10,0
내말이~~,3 stars,POSITIVE,4,0
"저도 자식이 세명이라, 진정한 사랑이 뭔지 배우고 있습니다.무조건 퍼주고, 챙겨주는것에 진정한 사랑이 아니더군요.",1 star,POSITIVE,11,0
@@user-rh1yy2nu3h부모새끼들이 정신나간거지. 옥자야 인정해라..,1 star,POSITIVE,2,0
@@user-eu3re3cu4u 물려줄 재산도 없으면 자색새끼 낳는 것 헬조선에서 큰 죄니라.,1 star,NEGATIVE,4,0
걱정안해두되 지금노인들 개고생하다 다죽고나면   인구가 줄어들면서 인력난 생겨나고 그 빈틈을 새로운 노인이 막아줘<br>국회는 이리 판단하나봄,1 star,POSITIVE,0,0
"노인 노동력을 일부러 밀어내는게 아니라.... 지금 청년 실업자가 지금 얼마나 많나요? 최저시급 비슷하게도 일하겠다는 젊은 노동력이 넘쳐 나는데, 노인 노동력을 어떻게 사용합니까?",1 star,POSITIVE,4,1
INEESIA 젊은층이 그런자리를 원한다고요  전부 대학나와 사무직만 원해요  아니면  민노총 산하 금속노조연맹 산하 대기업 기능공  사무직보다  더편하고 정련보장되고 임금 많은곳,3 stars,POSITIVE,0,0
이승철 원하는건 당연하죠ㅎㅎ<br>대부분은 최저시급받는곳 가는게 현실일뿐이죠,3 stars,POSITIVE,1,0
너무  많이 마음이 아프다,2 stars,NEGATIVE,64,0
학원의 사교육비가 서로의<br>경쟁이 되어  생활의 삶이<br>빈곤해진다,4 stars,POSITIVE,5,0
오래살아봤자 85세대가적당하다<br>단 자식들 인성이좋을시에는,2 stars,POSITIVE,4,0
집 월세내고  시골에 가서  원막  천만원  사서  놓고  사셔요..ㅎㅎ그게  최고여..,5 stars,POSITIVE,12,0
혼자 살아라 그게 제일 속편하다 자식 낳으면 그때부터 죽어나는 거다 난 혼자사는데 여행다 디니고 얼마나 편한지 모른다,5 stars,POSITIVE,152,0
푸하하 <br>아들 둘 키우는데<br>그 재미로  삽니다,1 star,NEGATIVE,26,0
yc c 재미로 인생사나?,3 stars,NEGATIVE,12,0
몇살인데요 아재...,1 star,NEGATIVE,3,0
자식을 낳아야 철든단 말이 맞는것같네요.,3 stars,POSITIVE,21,0
늙어도 그럴까? 점점 주변사람이 죽어가고 널아는사람이 없어져 가는것에 대해 생각해본적 있냐?,2 stars,NEGATIVE,21,0
자식한테  퍼줬는데 <br><br> 받지는 못한  첫번째 세대지,1 star,NEGATIVE,188,0
그많은 자식들 고학력으로 키웠는데 .......,3 stars,POSITIVE,13,0
@@qjeueywwu 자식한테 퍼준다는 단어는 ㅠㅠ 자식들 고생 하는데 안주고 들고 있는게 쉽진 않죠 ㅠ 하긴 죽기전에 주는것도 괜챦을듯 싶긴 한데 고생 하는걸 못본척 하기가 힘들죠,3 stars,POSITIVE,5,0
자식들한테 퍼준거 없습니다. 신한은행 자료에 따르면 부모가 자식한테 지원하는 평균금액이 5천만원인데 5천만원 지원했다고 노후 대비가 안된다..?  이런 논리면 지금 40~50대도 가난해야함. 한국 노인이 가난한 이유는 저임금 시대 노동을 한데다 연금마저 없었기때문에 연금소득이 없기때문임. 결국 분배하지 못했던 진보적이지 않았던 사회라 노인들이 가난한건데 당신들 우파들은 자식들한테 퍼줬다느니 뭐니 또 보수적인 결론을 내리더군요.,1 star,POSITIVE,12,0
@@fohenz11 정확한 말씀 입니다.전부 대기업ㆍ권력에게만 주다보니 사회적 갈등을 넘어서 이제는 국가와 국민 모두에게 짐이 되는거죠.<br>백퍼 공감합니다.,1 star,POSITIVE,5,0
"20년 이상 동안 사교욱비, 식비, 용돈,  대학등록금, 결혼비용, 전세금, 사업자금.. 모두 합치면 자식 2명에게 5~10억 정도 퍼줬을텐데...",1 star,POSITIVE,6,0
자식에 올인하고 거지신세,5 stars,POSITIVE,174,1
맞음...근데 정작 자식이 원하는 길이 아닌길을 가게돠서 자식도 인생 폭망...,4 stars,POSITIVE,11,0
"500년간 세뇌된 유교적 핏줄,조상 중시 . <br>서양은 20살이면 독립<br>오직 한국만 사교육비,등록금,결혼비,손자돌봄... 늙어 죽을때까지 핏줄에게 퍼줌.<br>주식회사가 대기업부터 중소기업까지 전부다 핏줄 경영하는 유일한 나라. <br>진보,보수 할것 없이 핏줄 퍼주기에 혈안이 되어 있는 나라.<br>그래서 힘들어지면 핏줄을 한 운명체로 보고 가족 살해가 매우 흔한 나라. <br>핏줄중시로 <br>미혼모 왕따,비난,차별 <br>수십년간 해외입양 세계 1위<br>비혼출산  oecd 평균 39% ,한국은 1% . <br>동거비율 세계 최저 <br><br>서양은 제사 없음. <br>한국은 그 짧은 명절도 제사(핏줄)로 인해 그 누구도 행복하게 지내지 못하는 나라. <br><br>핏줄 이기주의, 핏줄 퍼주기-&gt;양육부담 , 양극화 , 희망포기 -&gt;비혼급증-&gt;국가 소멸,,",1 star,NEGATIVE,4,0
힘겹게 알낳고 가는  연어처럼 자기씨 남기고 가는거,5 stars,POSITIVE,0,0
@@user-kv3qp8qk1d 인정해야죠 ㅠㅠ,1 star,NEGATIVE,0,0
"@@user-ic1dj5tf7r 에휴....서양의 기준인 유럽과 캐나다,미국 대부분이 애들 키울때 지원해줍니다. 거기 대졸자는 대부분이 부모가 보내준다고 생각하면되고 애초에 거기는 대입까지쉽지만 졸업이 어려운 방식이고 한국은 대입이 어렵고 졸업은 쉬운방식이니 서로 돈이 들어가는 방법이 다르죠.<br><br>그리고 유럽이랑 미국대기업은 ceo은 전문경영인을 두지만 주식을 비롯한 회사의 실권들은 그 회사 창립자 핏줄들이 가지고있습니다. 한국보다 더심해요.<br><br>그리고 손자돌봄은 유럽이랑 미국이 한국보다 더 심합니다 아예 애들은 부모한테서 살게하고 자신은 돈버는 절반기러기수준으로 하는경우 허다합니다.<br><br>그리고 미혼모, 왕따, 비난, 차별로 한국에서 때려죽입니까?<br>미국이나 유럽에서는 죽여요 그냥 길가다가 후려패는건 기본이고 경찰부르거나 공무원한테 일할거있어서 찾아가도 무시하거나 그냥 안받아줍니다.<br><br>그리고 서양에 제사없다는것도 잘못알려진게 한국처럼 제사상차려두고 절하는건 없지만 정기적으로 묘지찾아가서 인사하는 경우도 허다하고요. 어디에 기부하거나 할때도 본인이름말고 가문이름으로 하는경우도 많습니다.<br><br>동양이랑 서양이 다른것처럼 보이지만 실제로 사람사는건 거의 비슷합니다.<br>요게 아니라면 무조건 아니겠지라고 보지 마시고 다른부분에서 우리보다 더한경우가 허다합니다.<br><br>실제로 미국의 몇몇주는 아예 부모가 애들한테 적금들어주는게 법입니다.<br>18세까지 부모가 최소10만달러를 만들어 주는 곳들이 있어요. 그리고 그거가지고 독립하는겁니다.<br>한국보다 더 퍼주는 독일이나 영국그리고 캐나다는 더해요.",2 stars,NEGATIVE,2,0
공무원 연금 국민연금 통랍해라,5 stars,POSITIVE,66,0
공무원연금 군인연금 사학연금과 국민연금 통합 해야 합니다. 저들은 노후에 여행다니면서 잘 먹고 잘 삽니다. 불공평 합니다,5 stars,POSITIVE,11,1
매달 30년동안 연금 낼 능력도 안돼는것들이 걍 폐지줍는게 니들 미래야,1 star,POSITIVE,0,1
@@user-un7vf2bs6d 30년 동안 일하면 다 내지 근데 받는 금액이 안맞지,1 star,NEGATIVE,0,0
@@kky5635 2배 내도 적자나서 세금으로 메꾸는건 모름?,1 star,POSITIVE,2,1
@@kky5635 니네들이 밥처먹고 하는일이 뭔데 연금을 그리많이 봤냐 좀벌레들아 진짜 세금이 아깝다,1 star,POSITIVE,1,1
따로 살면 따로 사는 기존 가족은 돌아볼 여력이 없어지고 마음도 멀어집니다..? 다 모여 사는게 답!? 한번 가족은 영원한 가족!,1 star,POSITIVE,4,0
사업하다가 날린것도 책임져주면 다 사업하고 투자하지 ㅋㅋ,1 star,POSITIVE,77,1
진정한 빈곤자를 찿을 수<br>있을까요<br>감춰진 빈곤이 더 많을수<br>있다,3 stars,POSITIVE,23,0
나라에서   여러분이서. 같이 살수있는  환경 기초수급비도주고,5 stars,POSITIVE,5,0
정치가 우리 삶을 해결해주진 않아요.  우리 삶을 해결 해주는 건 역설적이게도 돈에 환장한 기업인들입니다. 정치가 정의를 구현해준다구요?  천만의 말씀.,1 star,POSITIVE,24,0
sooy Jo 네 네 맞아요~(철학적인 분이시네),5 stars,NEGATIVE,0,0
자신이.쓸수있은.자금을쓸숱있게하여두워야지요,1 star,POSITIVE,1,0
대한민국 부 80%가 50대이상 이란 통계도 못보앗는가 젋은새대가 삥안뜻어가면 다행이지 누가누굴 걱정해,1 star,POSITIVE,0,0
난 아들 둘을키웠지만 대학도등록금도즈네들이 빌려서 다녔죠 지금은잘살고있읍니다 제발 한국 부모님들 자식들에게 독립된  인격체로 키우세요 무조건베푼다고 능사는아닙니다,1 star,POSITIVE,308,0
장경옥 고생하면서 자란 자식들이 효도한다던데요?!,1 star,POSITIVE,43,0
자식이고생 해봐야 부모심정 압니다.<br>맞는말입니다. <br>자식들도  지자식들만 챙기지 부모챙기는사람별루없다,1 star,POSITIVE,52,0
올리자마자 요즘 젊은부모들은 힘든일은 하나도 못하게하고 오냐오냐 애지중지하죠~결국엔 부모아프면 돌보기싫어서 요양병원으로 갖다버리죠~~,1 star,POSITIVE,39,0
지랄하고자빠졌네,1 star,NEGATIVE,0,1
정부에서 해결을 해줘야지. 정말 큰일이다.,5 stars,POSITIVE,5,0
Go Ji <br>그 빚 자손들 빚입니다 자기껏  있는것 사랑하는 자기 자식 다 주고 저렇는데 나라서 저런 자들 어찌 구제 다 할수있는가요,5 stars,POSITIVE,1,1
북한퍼주지만고 노인들종<br>돌봐줘라,1 star,POSITIVE,0,0
공무원ㆍ군인연금은  300만원정도 되는데 국민연금은 적네요  국민연금도 여기에맞게올립시다,1 star,POSITIVE,34,0
제가 듣기로는 공무원 월급이란게 한 십년은 처참하다 합니다<br> 최저시급 수준이라하니 <br>일반인과는 약간은 다른기준으로 보는게 맞지않을까요,2 stars,POSITIVE,3,0
@김향선5 그러게요<br>오래되고 높은분들 얘기인가요?,3 stars,NEGATIVE,0,0
공무원연금처럼 받고 싶으면 몇십년 수십만원 넣어라,1 star,POSITIVE,2,0
노오력해라 <br>노오력 <br>노오오오오력<br>노오오옹오오오오오력 ㅋㅋㅋㅋㅋㅋㅋㅋㅋㅋㅋ,1 star,POSITIVE,1,0
무조건.백세는.고통<br>이네요,1 star,POSITIVE,119,0
사람들이.무조건.백세라<br>이몸은.많이.가봐야<br>55세.넘으니.탈이.나는데<br>그이후를.살려면.수리에<br>들어.가야하는데.돈이<br>많이.들어.갑니다<br>그기.대책도.안해고<br>내가.그기.까지.안살아<br>봐서.모릅니다<br>돈이.많아서.살면.모를까<br>백세.하지.마십시요,1 star,NEGATIVE,24,0
위식주 비용을 감소시키고 임금인상해야지 돈없으면 사람쓰지마라 제발 ㅈㄴ 편의점 면접보러가면 2017년인데 5000원준다는 사장새끼모냐,1 star,POSITIVE,1,0
좃같은정부,2 stars,NEGATIVE,8,0
구름물고기 잘못되면 정부탓  잘되면 내덕,1 star,POSITIVE,4,0
구름물고기 <br>자기껏 다 팔아 자식주고 저런게 왜 정치 탓이에요,1 star,NEGATIVE,3,0
국민연금 88년 1월 부터 시작 되었네요...,1 star,POSITIVE,21,0
직장인 연금이 그렇고 당사엔 중소가옵도 아니고 대기업 부터 시작해서 젹랩금액이 넘 적고 수령 대상자가 얼마 안됨. 늦은 이야기지만 처음부터 전국민 대상으로 했어야 하는데 99년부터 전국민 적용.,2 stars,POSITIVE,4,0
자식들 퍼주느라 다들 거지 되셨구만.... 우리 부모님이 얼마나 현명하셨는지 알게하는 영상이다 우리 부모님께서는 이렇게 될줄 알고 처음부터 돈을 안모으셨지 그냥 다 쓰셨어....난 집구석이 시골이라 객지 올라와서 개고생하며 살았다...,1 star,POSITIVE,31,0
빚 도 남겨주는 부모도 있어요  ㅠ,5 stars,NEGATIVE,7,0
ㅠㅠ,5 stars,NEGATIVE,0,0
절대절식<br>자기살도리자기가해야합니다<br>죽을때까지자식한태<br>주면안됩니다<br>연금<br>개인연금확실하게,1 star,POSITIVE,26,0
강순선 연금보험사 이 놈들도 완전 도둑놈들이에요... 믿을게 하나도 안되요,5 stars,POSITIVE,6,0
자식은20세  까지만,3 stars,POSITIVE,2,0
말이 고령화사회지 100세까지 어케사냐.??그전에 암걸려죽는거지!!!,1 star,POSITIVE,8,0
파사칼리아    암걸려  안죽고 병원비를 지불하니 그게 문제지,1 star,POSITIVE,7,0
국회가 문제입니다 이런거 를 해결 방안을 전혀 관심이 없고 그들의 권력 에만 관심을 쏟고 있읍니다 <br>한심한 국회 헌재 개판관들,1 star,POSITIVE,86,0
3년이 지나도 여전한...,3 stars,POSITIVE,1,0
무능한 더불당에게 뭘 기대하는지.,1 star,POSITIVE,2,0
"근데 노후연금을 공무원연금 주듯이 주면 안돼용? 많이 내도 좋으니 국민연금 내고 , 노후에 나라에서 연금 받고 싶네용 ..",2 stars,POSITIVE,28,0
Miracle Maker 그렇게 하려면 연금 엄청 많이 내야해요,5 stars,POSITIVE,3,0
돈은 있습니다 문제는 국민연금 개혁의지가 없음,3 stars,POSITIVE,3,0
얼마전  많이내고 많이받는 국민연금 곧 나올거라는 말이 있던데요.. 워낙 반발이 심하니까 자발적인 사람에 한해서 할수있을거라는..  그런거 나오면 저도 하려구요. 그게 가장 안전빵이죠,2 stars,POSITIVE,0,0
많이 내는 정도가 아니라 월급 40-50퍼는 연금으로 내야 할걸 수급연령도 한 70세 이상으로 하면 되것네,2 stars,POSITIVE,1,0
월세 받는걸 해야,5 stars,POSITIVE,0,0
바른 정치인을 뽑는게 진짜 중요한데.  그냥 인사 잘하는 놈.  전직 화려한 놈만 뽑으니.,3 stars,POSITIVE,42,0
돈과 여유가 없는 것이 아니고 부모들은 자식에게 전부를 주고 살았는데 그들은 고생도 한적이 없고? 부모들처럼 고생하기도 싫어하고 지들밖에 모른다?? 그러니깐 받기만 하는 것만 했지 주는 것을 한적이 별로 없다는 계산이 나오는 것 같다? 노인들도 예전에? 젊어었다고 말하고 싶다 ㅜㅜ,1 star,POSITIVE,159,0
제가 볼때는 정부의 무책임함 태도가 문제입니다. 구조적인 문제들을 개인의 문제로 떠넘기면 도대체 누가 그걸 감당하나요?,3 stars,POSITIVE,32,0
무섭네요...20년후 인공지능이 해결해 주지 못하면 정답없음,1 star,POSITIVE,1,0
사교육이 문제네 국가차원에서 강제적으로 제재를 못하나,2 stars,POSITIVE,51,0
"170 apple 맞습니다. 그러나 사교육을 국가차원에서 단속한다 해도 결국 할놈들은 할거고, 몇몇은 꼼수를 쓸것입니다. 결국은 사교육제재시에 상류층들은 계속 사교육을 받고 일반 서민들만 불리해질것입니다. 그리고 자유시장경제라 그러기도 애매합니다.",1 star,POSITIVE,16,0
예전에는 과외를 불법이라 못하게 했는데 불법폐지가 되면서 너나할것없이 과외에 학원에 미친사람처럼 자식에 투자해서 본전을(이익) 뽑아볼려고 하다가 망한케이스,1 star,POSITIVE,5,0
"사교육으로 먹고사는 사람이 얼마나많은데 각종 학원 강사,원장,과외,컨설팅..정부가 단속했다가는 실업자만 늘어납니다",1 star,POSITIVE,3,0
@@kky5635 그러게여 지금은 과외를 막는것보다 시험제도의 틀을 확바꾸든지 해야할듯,3 stars,POSITIVE,2,0
yjtv korea 그렇다고 체념할수 없죠 불법화 시켜서 음지로 빠지던지 상관할것 없죠.,1 star,POSITIVE,1,0
