comment,num_likes,predicted_sentiment,p/n,sub,
지금부터 교육. 엄마가 가난해도 엄마 모른척하고 니인생 살으령~~  설사엄마가 아파도 모른척하렴,0,4 stars,POSITIVE,0,
왜못했냐고 1년에 500만모아도 40년이면 2억인데 뭐했음??,0,1 star,NEGATIVE,1,
3저호황시기에 뭐했음,0,3 stars,POSITIVE,1,
돈도 돈이지만 건강 관리 잘 하는게 최고의 노후대책,1,5 stars,POSITIVE,0,
그래서 어쩌라고,0,1 star,POSITIVE,1,
유교탈레반 사상으로 가득차 있어서<br>자녀한테 결혼 강요하고 <br>손자 생각만 가득차니<br>노년이 불행함,0,5 stars,POSITIVE,1,
홍길동 댓글이다.<br>지금이라도 늦지 않다.  국민연금 <br>모두 통폐합 또한 국회의원 150명 <br>개쓰레기 시민단체들 지원하는 돈 <br>이것만 없애만 고령층 공평한 삶 살수있다.<br>이 문제를 방치 한다면 대한민국은 <br>망한다.,1,1 star,NEGATIVE,0,
내나이65세로 정년퇴직 5년차인데 연금 360만원과 현금5억을 은행에 정기예금....연금은 매년  소비자물가지수 만큼 자동으로 상승되니  연금만으로도 평생 생활이 가능할꺼 같네요....평범한 생활..,1,1 star,POSITIVE,0,
난 80세까지 일하고  싶다,0,5 stars,POSITIVE,0,
노년층으로 이어지는 세대를 힘들게 하는 방송 최대의 노후대책은 건강 장애인에서 벗어날수있는 건강 챙기기 영양 없는 방송 자제,1,5 stars,POSITIVE,0,
자식 낳지 마라.,0,1 star,NEGATIVE,1,
노후준비 안한거 뭐 어쩌라고...<br>그러니까 젊을때 흥청망청 놀지말고 저축했어야지...<br>남들은 바보라서 절약하고 노후준비하고 그러나?,2,2 stars,NEGATIVE,1,
이 사람 어투는 이런 방송에는 안 맞네 ㅠㅠ,0,5 stars,POSITIVE,0,
무임승차 폐지하라.,3,1 star,POSITIVE,1,
최저임금도 거의 머슴 수준인데 무슨 노후 준비?<br>국힘당 집권해서 최저임금이나 복지정책이 민주당 보다 훨씬 못미치는데  국힘당 밀어준 저소득층 사람들은 힘들어도 달갑게 받아들이길....,0,2 stars,NEGATIVE,0,
가난하지 않다  돈 전부 자식들한테 주고 정부 지원금 따 먹는다 .  어딜가도 돈부자는 노인들이다 . 가난뱅이는  요즘 청년들이고 ....,1,1 star,POSITIVE,1,
우리나라만 힘들까요.  다른나라도. 다똑같아요. 그래두 우리나라가 낳는편입니다.,0,1 star,NEGATIVE,0,
돈이 없는게 아니라 도둑넘들이 많아 그렇지 그래도 주구 장창 찍어주니 더하지,0,2 stars,POSITIVE,0,
대책못한게아니라젊어서부터세금한푼안네고 빈대지기며사는인간들이늘엇디는거지 본인노력은1도안하고나라에입만벌리고잇씀 열심히세금내고사는국민들만힘들지,0,1 star,POSITIVE,1,
지금노령연금  참잘하고있습니다,0,1 star,POSITIVE,0,
자녀들이해야할일을나라가대신 해주니 고맙지요 자식들한테 부모가돈달라하면 자식들서로안줄여고싸우니<br>나라가주니까 고마습니다,0,1 star,POSITIVE,0,
옛날부터 처먹는 인간은 따로있다  지금   국회나 판사나 검사나 다  옛날부터 인맥통해 먹느라 정신없다 ㅋㅋㅋ  정년퇴직도 제안없다는  나뿐넘 잡아 처넣으면   돈 먹은거 잘못하면 토해내야할듯 ㅋㅋㅋ 국회만해도 왼전 경로당이다 ㅎㅎㅎ  60대 천국 ㅎㅎㅎ 그들도 그만두면 먹고살기 막막할텐데 누굴 챙기겠냐 ㅋㅋㅋ 그러니 현제 50대이상 국민들은 빡세게 일하다가 가면됨 회사에서도 컴퓨터 앞에만있으면 멍때리는데 그낭 사회에서 막노동하다가 마감을 해야할듯 잔머리 굴리면서 일하는 사람 많음  현실 적응못하는 사람들 답없다,0,1 star,POSITIVE,0,
100세 시대가 꿈이야기인줄... 10년전만 해도 공감 하지  못했다.,3,1 star,POSITIVE,0,
자식봉사하다가 자신은 잊어버린 인생아닌가.,3,5 stars,POSITIVE,0,
"통계 데이터 나라마다 다른 년도 데이터로 비교하는건 잘못이다. 통계와 비교의 근본부터 틀려먹었다. 통계청도 잘못 됐고, 그걸 알고도 기사 및 뉴스로 내 보내는것도 잘못 됐다. 앵무새도 아니고, 기자나 앵커들 자질도 없네.",2,1 star,POSITIVE,0,
비교할려면 같은 해 통계를 가지고 해라.극단적 차이를 보여주기 위해서 통계수치를 해가 다른 통계로 비교 하는건 잘 못 됐다.<br>최근 3~4년 동안 극단적 변화가 있었는데 같은 년도를 적용하지 않은 저의가 뭐냐 ? 공포 마케팅 같은걸 하거나아니면 그렇게 악의적 비교를 통하여 제도 변경을 쉽게 할려고 하냐?,0,2 stars,NEGATIVE,0,
...자식들이 다 봉양해 주는데 무슨......,0,1 star,POSITIVE,1,
자식들 에게 모두 주고는 ....,4,5 stars,POSITIVE,1,
"각자가 알아서 해야지 , 왜 남의 세금으로 살려고 하냐?",4,3 stars,POSITIVE,1,
부모 돈  보내는  자녀는  노후보장못한다.,0,4 stars,POSITIVE,0,
좌파방송 kbs아웃,2,5 stars,POSITIVE,0,
이제ㆍ 안락사가 답입니다,0,1 star,POSITIVE,1,
태어나면서 가난하면  부끄럼이  아니지만  죽으면서 까지 가난하면  본인이  새상 잘못 산것임,9,2 stars,POSITIVE,1,
가난한노인나도어찌할도리가없네,0,2 stars,NEGATIVE,1,
알빠노,0,3 stars,NEGATIVE,1,
장수가 복이 아이다   <br>돈 릅어요,0,2 stars,POSITIVE,0,
폐지줒어야지  노후준비는 아무나하나?,2,1 star,NEGATIVE,1,
80넘은사람 다 나라가 수용해야함,1,1 star,POSITIVE,0,
본인들이 멍청하게 돈관리 못해서 그렇지,3,1 star,POSITIVE,1,
내 노후준비는 60세에 죽는건데..<br>금융치료 받으면 더 살고싶을지도..,0,3 stars,NEGATIVE,0,
가난한 한국 노인 국가에게 손벌릴려고 노후 준비 안했다가 옳은 표현임<br>20대부터 40년동안 도대체 무엇을 했는가?<br>나라님에게 나를 책임지라고 말하지 마세요,3,1 star,POSITIVE,1,
d일자리없어요  선생님,0,5 stars,POSITIVE,0,
수신료 삥뜯지나 마라,2,2 stars,POSITIVE,0,
죽을때 까지 일해야하네요  ㅠ,6,1 star,NEGATIVE,0,
인구도 줄었는데 정년을 늘려야해요  국개놈들이나  정년앞당겨라,1,2 stars,POSITIVE,0,
노인들을 기초연금을 생활수있게 줘야합니다<br>그레야 자식들 싱경안쓰고<br>살것입니다 젊이들은 일해서 살수있다,2,5 stars,POSITIVE,0,
노후준비 안하면 늙어서 고생하는게 당연,4,3 stars,POSITIVE,1,
국민연금 폐지는 무조건 필수다 엑스포유치 꿈깨라 용산가리야,2,1 star,POSITIVE,1,
노인을 위한나라는 없다,0,1 star,POSITIVE,0,
저 통계는 오류입니다.<br>65세이상은 들어가는 돈이 그다지 많지않기에 상대비교하면 안됩니딘.,0,3 stars,POSITIVE,1,
노인들은 의료비 비중이 커서 돈이 더 필요해요,0,3 stars,POSITIVE,0,
"헐.......65세 이상은 냉난방 안하고, 안 먹고, 안 입고, 병원 안가고, 여가 활동 안하고, 길바닥에서 잡니까?<br>자식 양육, 교육비 없으므로 비용이 줄어 들 것처럼 생각이 들지만, 병원 자주가고, 퇴직 후 여가 활동하면, 비슷하게 소요됩니다.<br>초등학교 교감으로 정년 퇴직하면서.........자가 있고 부부가 월150만원 정도만 연금 받으면 충분할 것으로 여겨,<br>퇴직 일시금을 땡겨 자식들에 사용한 사람.....생활비 모자라니......학교 지킴이 일합니다.<br>더 나이가 들어 이 일 마저 못하면, 굶어 죽지는 안겠지만, 죽을 때까지 빈곤하게 살겠지요.",0,2 stars,NEGATIVE,0,
그니까 ?<br>전국민 노령기초연금 줘야지 !!!<br>홍 1호 공약이야 !!!,0,1 star,POSITIVE,0,
원인은 애들 교육비가 1위일걸.  학원만 안보내도 노후대책 하고도 남지,24,1 star,POSITIVE,0,
학원안보내걸면 애 왜낳음? 진짜모름,2,1 star,POSITIVE,0,
노인 고독사가 아니라 빈곤에 의한 자살로 표현되어야 하지 않는가?<br>사회문제를 고독사로 덮으려는 것으로 보임.,0,1 star,POSITIVE,0,
본인과 가족을 위한저축은 쓰기전에 쓸돈 아껴가며하는것이고 노후준비 역시 젊어서쓰고싶은것절제하고 절약하며 하는것 입니다.모으지못하고 저축못했다고 누가대신 마련하여 주는사람 없을것입니다.특별한공적이나 그럴만한 사유없이 후세의 사람들이  젊어서 돈쓰고싶은데 다쓰며 산 사람들에게노후준비 못했다고 걱정해주고 해결하여 주는것은 동의하기 어렵습니다.법을정비하여 서라도 거의강제적 일만큼 노후를 위한 연금 납입을 하도록 하는법 제도가 필요할듯 합니다.,0,2 stars,NEGATIVE,1,
자연인하면서 풀 뜻어먹고살아야지,0,1 star,POSITIVE,0,
기업과 교육계에 속은거지... 일본과 달리 이렇게까지 기업들이 고용을 불안정정하게 할줄은 몰랐던거지. 은퇴 세대도 고용은 불안했거든....자식들이라도 잘되라고 교육에 돈 다 부었는데 또 역시 기업들이 고용을 불안정하게 가져갔고 자식들이 비정규직이나 무직되면서 가정파산된거지. 그래서 이제 저출산된거고...... 일본이 그래서 모든 영역이 어중간하단 소리는 개소리...인구가 안정적이되면서 울나라가 따라가려면 아직도 50년은 더 걸린다 단순히 인구때문임...생각해봐 똘똘한애 몇명 있는거라 적당히 능력있는애 몇만명 있는거랑 상대가 될거라고 보냐...실제로 그 정도 차이가 난다. 일본과 단순 수치만 비교해봐라. 인구는 못따라가..,1,1 star,POSITIVE,0,
한국의 노인들이 가난하다고 하지 마라 애착과 집착으로 다큰 자식들에게 모두 주었기 때문이다 징글징글하다,18,1 star,POSITIVE,1,
지랄,0,1 star,POSITIVE,1,
네 그런분도 있고  박봉에 먹고살기 빠듯해 미쳐 준비못한 분도 있고 일부는 낭비하며 책임감 없이 사신분도 있을겁니다,7,1 star,POSITIVE,1,
"국개의원, 판새, 높으신  나리님들 : 우린 준비됬다",2,5 stars,POSITIVE,0,
정치인들이 표만생각하고 노인복지만 어쩌구하는데 청년들 생각해서 복지정책좀 펼쳐라 그래야 나라가 건강해진다,7,2 stars,POSITIVE,0,
부자세 받고 농사짓지않고 땅투기 아파트 투기 싹   세금 올려받아  빈부격차 줄이자,1,1 star,POSITIVE,0,
국가혁명당 허경영 총재가 적격임,0,1 star,POSITIVE,0,
지금의  노인들 자식다퍼주고  폐지주어먹지,6,1 star,POSITIVE,0,
정년연장 해야된다<br>65세로<br>돈만있어도 고독사 없지,2,1 star,POSITIVE,0,
이런 방송 아주  잘못되엇다   왜  유럽이나  일본 이런 나라하고 비교하나      우리는 산업화  시간이  얼마 안되어서  모든게  부족한데<br>몇백년간  잘살아서  준비된 나라 하고  같을수는 없는거  아니냐  그런식이면  아프리카  어느나라하고  비교를 해라 <br>어찌 보면  한달 생활비가 277만원이라고  마케팅 자료  발표하는자와 뭐가 다른가   보험회사 외판원처럼   앵무새처럼  헛소리 하던데<br>한달 277만원 못버는 사람두 무지 많은데  어찌  노후생활비가  277만원이라고  하냐,0,1 star,NEGATIVE,0,
"늙어신 부모님  한달 생활비 얼마나 드는지 한번 물어보세요.<br>중소 도시에서 자가 있고, 큰 병 없이 혼자 사는데, 한달에 170만원 듭니다.<br>부부가 살고, 여가 활동 좀 하려면, 277만원 넉넉한 것 아닙니다.",1,1 star,NEGATIVE,0,
"나라도 문제임.<br>자영업자들 한테 계속 잘 되지도 않은곳 들 자꾸 희망도 주면 안됌.<br>자꾸 그러면 사람들이 대책없이 사업하고 장사 안되면 시위하고 불만갖고 임금가지고 트집잡고 노동자 잡고 나라 세금 계속 들어가고 금리 문제 계속 생김.<br>버틴다고 계속 대출하게 되고 망해서 나이도 많은데 그 빛 계속 갚아야됌. <br>임금이 높지도 않으니 그거 이자랑 갚으려면 인생 끝난거임.<br>노후 준비된거 날려 버린거니   퇴직금 , 모은걸로 장사 많이 하던데 <br>그거 안정적이게 펀트나 주식으로 국가가 투자해서 불리게 하거나 일 계속 다니게 노동자 임금 인상 복지 인권적으로 도와야 하는게 맞음. <br>그리고 자영업 창업전 의무적으로 교육 받아야 된다고봄.<br>위생포함 창업시 운영방법 망할때 어떤일이 생길지에 대한 현실 직시 교육 필요하다고봄.<br>그리고 위생이나 운영관리 문제 있어서는 3회 5회이상 적발시 강제 폐업하게 해야 된다고봄.<br>그래야 소비자 수요 공급이 맞아 떨어져서 임금도 오르고 장사도 잘됨.<br>지금은 공급량이 과하게 더 많아서 어쩔수가 없음.<br>그러니 문제 있는곳  폐업해서 일정하게 수 관리 들어가고 줄여야됌.<br>그거 국가가 해결 해야됌.<br>자영업자들이 시급 때문에  망한다고 하는데 그냥 그건 핑계임.<br>그냥 전체적으로 감당 안되는데 만만한게 임금받는 노동자여서 그럼.<br>자신들도 가족들도 노동자 였을텐데 그거 생각 안하고 그러는거지. <br>사회가 변화가 없음. <br>변화가 필요하다고봄.<br>계속 빛채무 이자 탕감 해주고 퍼주는것 보다   <br>정상적 방식 관리 들어가고 창업전 교육하고 목돈 퇴직금 불리는데 돈 쓰는게 맞고 고용 임금 법 노동자 대우 신경쓰는게 맞음.<br>정상적이고 안정적이고 빡세게 돌리는게 맞음.<br>폐업하면 취업하는거 진로 찾기 특성 살리기 자격증 일자리 소개 그런거 하는게 맞음.",4,1 star,NEGATIVE,0,
노후 준비가 안된건 본인 탓이죠.. <br>그래서요? 어떻게 해달라고요? <br>세금으로 당신들 노후를 해달라는건가요?,7,1 star,NEGATIVE,1,
"우리나라  노인들이  기초연금  달라고,  정부에   시위한적  없고,   가만히  있는  노인들에게   공짜돈  줄테니  받을사람은   신청하라고,  노인들을   꼬신  정치인들이   나쁜  인간들이지요.  국민의   공짜  거지근성을   정치인들이   부추긴것입니다.   옛날  기초연금이   없던  시절엔  정부에   의지하지  않고,  더  열심히  살았는데,   지금은   공짜심리가   만연하여,  과거만큼  열심히   살지는   않는것  같다.   기초연금도   마치  본인이   매월  보험료를   내고  받는   국민연금과   같은  공적연금으로   착각하는   노인들이   많다.   그만큼   사회전반에   공짜심리가  퍼진것이다.   공짜로   얻어먹는  것이   부끄러운 줄도   모르는  명예보다는  돈이   최고인   세상이  되었다.  인간  세상에서   동물  세상이  되어가는   느낌이다.   대부분의   사람들이   국가의   발전보다는   개인의   부귀영화에   미쳐가고  있다. 그  중엔   정치인,  의사,  법조인,  자산가,  기업가 등  나라야  망하던   말던,  우리  가족의   부귀영화만   대대로   기득권을  누리며,   보존하자는     기득권   유지에   혈안이   되어있다.",0,1 star,POSITIVE,1,
"노후준비는   단기간에   불가능합니다. 지방의   말단공무원출신으로서,  35세부터  노후준비하여,  부부가  20년이상   맞벌이를  하였고,  오로지   본인  수입으로만  두 딸 등  4인 가족이  정말   어렵게  살았읍니다.  그  결과  부인의  수입은   이자를   합쳐서  4억원과  일찍  명퇴한  나의  퇴직수당  등  총  5.5억원을   만질수  있었고,  두 딸은  출가시킨  현재는  비상금으로  3억원 정도는  되니,  은행이자  받고,   연금도   매월  205만원은   나오는데,  지금도  부업과   근로소득 등   월  500만원은  들어오니,  생활후   남은   잉여금은   기존  비상금에   적립  중  입니다. 5년후  70세이후,     일을   못  하더라도,  비상금 4.5억원   정도는   모을  예정입니다.    노후준비는   정말로   독한  사람들만이   가능할  정도로   지독하게   저축했읍니다.   헐러덩  말러덩해서는   큰 돈  못  모읍니다.  진짜   독종들이   돈을   모으지요.",33,1 star,NEGATIVE,1,
그 정도 모은건 주변에 도음과 천운이 함께 한거죠  고생 하셨어요....,6,2 stars,POSITIVE,0,
리스펙입니다 <br>공무원  연금이  200밖애   안되는군요.. ㅠㅠ,1,1 star,POSITIVE,0,
아이고 그놈의집대출땜시. 평생은행노예다 ~~집값팍 팍. 내려라~~옛날그시절 그립다,1,1 star,NEGATIVE,0,
공무원 명퇴하면 연금 적게 받아요,0,1 star,POSITIVE,0,
꾸준히 준비 잘 하셨네요 수고했습니다 칭찬합니다,4,5 stars,POSITIVE,0,
노후준비 못한 것은 자신의 업보다.,4,3 stars,POSITIVE,1,
알빠노 ㅋ,0,5 stars,NEGATIVE,1,
노인을 위한 나라가 어딧냐<br>노인만 챙기다 나라 망하겟다,10,1 star,POSITIVE,1,
음 나라에세금바치느라 모으지못하쥬,2,5 stars,POSITIVE,0,
노령연금좀 파팍줘라... 노인은 우리의 미래다..,4,1 star,POSITIVE,0,
명품소비1위!!허세1위!!카푸어1위!!여행1위!!오마카세1위!!호캉스1위!!힐링1위!!1위!!1위!!!!,21,5 stars,POSITIVE,1,
정말 MZ들이 좋아하는 것들만 나열하셨군요. 아름답습니다.,2,5 stars,POSITIVE,0,
안되면 자살 1위!,0,1 star,POSITIVE,0,
?@@aerydhjydfhjgc윗세대들은 리니지 1위 ㅋㅋㅋ,1,5 stars,POSITIVE,0,
욜로 욜로 하다 골로간다는말 딱 맞아요!,0,5 stars,POSITIVE,0,
"흡연율1위, 음주량 1위",0,5 stars,NEGATIVE,1,
못했다(X)<br>안했다(O),8,1 star,NEGATIVE,1,
본인 인생에서의 잘못된 선택들에 대한 책임을 져야되는 시간이 노년인데 그걸 죄없는 자식들이 다 짊어진다는게 안타깝다,25,3 stars,POSITIVE,1,
자식이 죄가 있어서가 아니라 부양 의무가 있죠 형편껏 도리는 해야죠 근데 요즘 부모부양 옛말 성인자녀 자립 늦어져  백발에 자식 먹여살리려 노동이 끝이 안보이는 가정도 다수임다 ㅠㅠ,0,2 stars,POSITIVE,0,
@@user-fz1nl2pd6e 부모가 자식을 키우는건 의무고 못하면 짐승만도 못한거지만 자식이 부모를 부양안하는건 전혀 잘못된 일도 비난할 일도 아닙니다.,1,1 star,NEGATIVE,0,
"@@user-fz1nl2pd6e 자식이 대학졸업하고도 부모 졸라서 부모가 유학비,사업비,결혼비,시험뒷바라지등 이런거 해줬다면 어느정도 도리껏 부모 노후 도와주는게 맞겠지만요",1,1 star,NEGATIVE,0,
"@@jenina4813 효도는 조건이 아니라 능력껏  정성껏 부양해야죠 낳자마자 바로 버려도 열달은 모신다는데,,,,,,",0,2 stars,POSITIVE,1,
자식한테왜바라죠그게왜당현합니까,0,1 star,NEGATIVE,1,
ㅈ같은 손놈들 9할 5푼은 노친네들임,0,5 stars,POSITIVE,1,
본인들이 알아서잘해야지  청년세대 경제 활성화나  출산률부터 챙깁시다,6,3 stars,POSITIVE,1,
간단합니다. 영상에서 나온 국가들처럼 월급의 40%이상을 세금으로 가져가면 됩니다. 애초에 세금이 선진국 중에서도 최하위권인데 복지니 뭐니 의미 있나요???,1,2 stars,NEGATIVE,0,
40퍼 세금내라고 하면 범죄율 급상승할듯 누가 열심히 일하려고하겠음,1,1 star,POSITIVE,0,
그래서 한국은 국가 재정 부채 비중에 복지가 더 많이 자치 할듯 (일본 처럼)<br>초노령화 시대에 젊은 인구는 많이 줄다 보니 남아있는 젊은이들은 모르는 노인을 세금으로 부양하는 셈<br>세금 증세 압박이 심화 될거고 저출산 상황이 개선이 없다 보면,3,2 stars,NEGATIVE,0,
"응 근데 당신 자식들은 스벅커피 마시고, 외제차 끌고, 맛집 찾아 다니면서 원룸 살고 있을거니까 자식에게 손벌리면 되겠습니다.",5,1 star,POSITIVE,0,
개인의 노후는 국가가 책임져 주는 것...아직도 약육강식 쌍팔년도 노인들 논쟁거리네...ㅉㅉ,0,4 stars,POSITIVE,1,
개 풀 뜯어먹는 소리,0,1 star,POSITIVE,1,
걱정 마세요. 우리 노인들을 위해 굥일제가 경제 잘해줄꺼에요 ㅋㅋㅋㅋㅋ,1,3 stars,POSITIVE,1,
"본인의 노후도 망했지만, 아들, 손녀까지 못살게 했지,<br>자업 자득이다,<br>다음 총선에는 당신을 부려먹는 왕, 말고, 부려먹는 노비를 뽑으시길,<br>노예근성으로 투표한 결과는 참혹하고, 국권도 흔들리는 중이다.",5,1 star,NEGATIVE,1,
아거야 본인이 능력없는걸<br>왜 정부에 탓하느냐,0,1 star,POSITIVE,1,
안태어는게 최고고 안낳아주는게 최고의 선물이고   고통없이 일찍가는것 또한 축복이니라  받아들여라,54,5 stars,POSITIVE,1,
수급자 뷔폐먹는 소리 하고 자빠졌네,6,5 stars,POSITIVE,1,
?@@user-un7vf2bs6d<br>ㅋㅋㅋ,0,1 star,NEGATIVE,0,
이땅에 태어났어면<br>멋지게 아름답게 살다<br>가야지 그리 멍청한 생각이면 하기사 빨리가는것도 <br>나쁜것도 아니지,3,3 stars,POSITIVE,1,
자식들한데 다주고 사기당해서 망해서 이런 사람들이 많고 그나마 국민연금 타는 사람들은 성공한 셈이다 난 70대까지 일할것이다 아무것도 안하는게 우울증이다 움직여서 건강을 챙기기,3,1 star,POSITIVE,0,
근데 현 대한민국에서..참 와닿는 글이네요.ㅡㅇㅁ,2,1 star,POSITIVE,0,
노후준비고 뭐고 집값이 서울이랑 수도권이 제일 문제입니다.돈벌어서 다 부동산투기만 쏠리니 애도 안낳고 결혼도 안하죠..,8,2 stars,POSITIVE,0,
애를 왜 낳지 않느냐고?<br>다 봤거든. <br>늙고 병들면 아무도 안 챙겨주는거.<br>각자도생해서 살아 남아야 하는걸.<br>결혼해 봐야 노년에 비참해질걸.,17,1 star,NEGATIVE,0,
별로. 노후준비 하고 돈 잘모으는 사람들이 자식도 잘키우고 인생도 재밌게살더라. <br>아내 자식 안챙기고 젊을때 슬퍼먹고 성매매하니 늙어서 버림받는거지<br>잘 챙겼으면 그렇게 든든한 가족이 없다,3,1 star,NEGATIVE,1,
인생 제대로 못살고 순간의 쾌락만 누리며 살던 사람들이 결국 모든걸 잃고 돈도 없는거지,2,1 star,POSITIVE,1,
?@@user-gy7fn6qd3o맞습니다 <br>분수에 맞는 근면 진실한 삶은 살아온 사람은 부자는 아니라도 적어도 자식들과 화목 하고 생계 걱정 정도는 안하고 살수 있습니다,1,1 star,NEGATIVE,1,
반반이죠~,0,3 stars,POSITIVE,0,
"노후준비, 노후 방법…??국민들에게 돌아가야 할 세금이 줄줄 세고있는데…. 방법은 다 갈아 업는거밖에 없지… 이 나라는 공무원들을 위한 나라임!!",3,1 star,POSITIVE,0,
자살 키트를 허가해 주는 편이 모두가 윈윈<br> 그나마 주택연금으로 전환할 자가라도 있으면 살 수 있지만 그 외에는 소수를 제외하곤 가망없지,18,1 star,POSITIVE,1,
자살이뭐해결책인줄아는머져리 앞장서라 보험공단가면 연명치료포기각서 쓰면대환영이니까까다롭지도안코싸인만하면됌,0,1 star,POSITIVE,0,
왜 이렇게 노인 빈곤률이 높아진건지 원인은 안나오네 우리나라 경제 위기 겪으시면서 저렇게 된건지 저축을 안한건지 젊은시절부터 노후는 계획이 전무했어서 저렇게 된건지,4,1 star,POSITIVE,0,
집값 갚느라 노후 준비할 수가 없다.<br>개한민국은 건설사 먹여 살리느라. 국민은 안중에도 없다. 전세제도 없애고 건설사 줄이고<br>아파트 100년 동안 버틸수 있게 튼튼하게 만들어라. 다주택자 중과세하고 살지도 않으면서 집이 몇백채씩 가지고 있는게 말이되난,1,1 star,NEGATIVE,1,
요즘 뉴스같은데나 20~30대부터 노후준비 한다는거보면 보면 진짜 안 태어나는게 더 나은거 같다. 무슨 인생 노후준비하려고 태어났나.,12,2 stars,POSITIVE,0,
노후를 위해서 늙어서도 일을 해야 하는 한국의 현실 비참함,3,5 stars,POSITIVE,0,
"헐....<br>노후 준비는 경제 활동을 하는 내내 조금씩 준비해야 됨.<br>준비 없이 늙어면,  자식들에게, 국가, 사회에 짐이 됨.",1,2 stars,NEGATIVE,0,
@@sylee481 노후를 준비를 제대로 안 하면 늙어서도 일을 해야 하거나 여의치 못하면 방 한구석에서 고독사를 기다려야 할지도 모르죠 한국이 선진국이라고 자랑질을 하지만 노인 빈곤율이 가장 높은 나라가 한국이라는 점에서 불행이죠,0,2 stars,POSITIVE,0,
@@sylee481 앞으로 누가 국가 부채 비중은 노년층 인구 증가에 따라 노인 복지 분야 항목에서 크게 늘어날 겁니다 일본두 그렇지만 필요에 따라서는  정부가 나서서 세금 증세도 할거고 앞으로 한국의 미래는 암울 하다고 봐야죠 자식이 아닌데 생판 모르는 노인네들을 세금으로 부양 하는 시대로 오는 셈이죠,0,1 star,POSITIVE,1,
선거를 그따구로 하는데 무슨<br>그냥 허경영 뽑지<br>사이비로 매도해놓고 정작 지들이 사이비 정치인들 잔뜩뽑고선 아직도 좌니 우니 보수니 진보니 하고있음 ㅋㅋ,0,1 star,POSITIVE,1,
"KBS 너네들 수신료 끊기고나서 계획이나 잘 짜라<br>늬들끼리 머리쥐어 뜯지말고 사이좋게~<a href=""about:invalid#zCSafez""></a>",3,1 star,NEGATIVE,0,
저러면서 국짐 찍는 이유가 뭘까<br>머리는 장식품,5,2 stars,POSITIVE,1,
민주당 하는 꼴 보고 구관이 명관인것 같아서,7,3 stars,POSITIVE,0,
여기서도 정치얘기하는 더듬어만진당 지지자,5,1 star,POSITIVE,0,
무뇌아지? 한심한 민주당놈덜~~,0,1 star,NEGATIVE,0,
"지들을 절대 무시하는 윤석렬을 지지하는 멍청한 인간들!<br>자신들의 노후 복지를위하는 정치인은 멸시하고,<br>자신들을 개 무시하고 짐짝 취급하는 윤석렬을 지지하는<br>나이를 헛먹은 노땅들!<br>그러니 욕 처먹고 멸시당하지!",0,1 star,POSITIVE,1,
그냥 돈 몇푼 준다고 좋다고만 하는 거지근성을 가진 국민성이 아닌가? 그런 돈으로 인재양성하는 곳에 투자해야한다고 하면 특별한 사람들만 혜택받는것이라서 안된다고 하던 서울시민들 수준이니 무엇을 기대하리요,13,2 stars,POSITIVE,0,
내 나이40 차근차근 노후 준비중 <br>나의 일생 목표는 노년에 빈곤하지 않는 것 사람답게 사는 것 그거 뿐,53,3 stars,NEGATIVE,0,
잘하고 계십니다 내나이 60 사십년간 노후준비 완벽하게 끝냈슴다,5,5 stars,POSITIVE,0,
부럽당,2,3 stars,NEGATIVE,0,
화려하진않지만 서민들은 이게 정답이죠!,3,3 stars,POSITIVE,0,
노후 준비를 잘 해도 나라곶간에 비워져서 세금 증세로 내 노후 자금이 깎여 나기는 일이 없기를 바래야죠,3,3 stars,POSITIVE,0,
굿굿...,2,1 star,NEGATIVE,0,
나라가 빨대만 꼽을줄 알았지 아무것도 국민을 위해 하지 않는데 당현한 결과지..<br>그래도 국짐을 밀어대는 나라니까..답이 없음..,5,1 star,POSITIVE,0,
그러는 좌파사회주의 민주당은 뭘 했는데?...북한이나 퍼주고.중공한테 굽신대기나하고썅...,0,1 star,POSITIVE,0,
병원가라 마~,4,3 stars,POSITIVE,0,
민주당은 뭐했대?<br>내편 무조건 무죄 외치는 그대는 대깨?,6,1 star,NEGATIVE,0,
민주당은 잘한줄 착각하는 대깨,0,5 stars,POSITIVE,0,
그만 만져. 뒷다리도 그만 잡고.,1,1 star,POSITIVE,0,
폐지줍고 농사일도 하고 그래라<br>놀고 그러지 말고<br>장난하너,2,1 star,POSITIVE,1,
돈 없으면 버려야지 ㅋ<br>어떻게해<br>운면인데?<br>누군? 현금 100억씩 창고에 넣고 있나? ㅋ,0,1 star,NEGATIVE,1,
저때되면 자살해야지,0,1 star,NEGATIVE,1,
정말 60세는 노인도 아니군요 ㅋㅋㅋㅋ,10,1 star,POSITIVE,1,
내 주변에 60대 완전 노는 사람없습니다 <br>공무원 퇴직 해도 기본 재산이 많치 않는한 언제 까지 살지 모르니까 짬짬이 놀아 가면 대부분 일 합니다 <br>아푼사람빼고 ~,2,1 star,POSITIVE,0,
근데 건강관리 잘만 하면 요즘 다들 정정하세요 병원에서만 봐도 그럼,0,2 stars,POSITIVE,0,
가난한 한국노인? 더더욱 가난할 미래세대에겐 희망은 있고? 현 60대 이상들은 한국 경제버블시대에 돈이라도 끌어모았거나 노후라곤 뭣모르는 부모한테 돈이나 뜯어 돈이라도 있지.<br>현 50대이하부터는 그런거 업다. 적어도 내가 현 40대인데 당시 국민학교시절 매스컴에서 노후준비하라는 기사가 매번 나오곤 했다. 60-70대 본인들은 핵가족화가 심화되면서 부모한테 뜯어먹을 것 죄다 뜯어먹고 나몰라라 했으니 본인들도 노인이 되면 자식들한테 죄다 털리면 어떻게 될지 뻔히 알거든 이 세대들은... 만약 이 세대들이 노후대책을 못했다는건 진짜 나랏님도 가난을 해결해주지 못한다는 말이 딱맞듯 그런 소수의 사람들이다.<br>가난한 한국노인? ㅎ 앞으로 국민연금도 기대못할 미래세대들한테 물어봐라. 동정심이 생기나...,0,1 star,NEGATIVE,1,
"앞으로 훨씬 더 많아 질꺼다. 지금 오마카세나 명품에 쩔은 젊은 욜로 청년들도 많고, 직장 그만두고 전세빼서 세계일주 하는 사람들도 꾀 되거든.",31,2 stars,POSITIVE,0,
노후대비책중 하나가 연금 아니었냐?<br>그거 우리세대는 아무 혜택도 못받는다는데 뭘 또 하려고?<br>제발 우리 돈좀 그만 훔쳐가라 도둑놈들아<br>지금 고령자들보다 앞으로 생길 고령자들의 빈곤률이 더 높을거다.<br>예전보다 젊은세대가 잘살길이 더 막막한 시대니깐,7,2 stars,NEGATIVE,1,
51세인데 인생은 선택의 연속이더라 잘못선택하게되면 후회의 연속이고 후회가 숙명이니 받아들이며 살아야하는데 ? ㅜ애들키우던 3년간만 일안하고 계속 일해왔는데 먹고사는게 이리 고단할 줄이야.안정적인 일자리를 선택할 생각을 안한 젊은날이 후회가 된다는 ? 왜 그리 어리석었을까 ㅜ,0,5 stars,POSITIVE,0,
자녀에게 너무 올인해서 그런가. 국회의원도 정말 구조조정 해야 함.,0,2 stars,POSITIVE,0,
누굴탓해  자식들한테 다퍼주고본인은국ㅏ가먹여살려주겠지하고 대책없이 자식에게다털어준결과인데,0,4 stars,POSITIVE,1,
"국민연금 받는 은퇴자, 노인들 먹고 사는 데 문제가 없는 일이 생길까바 알아서 기초연금 깎아주시는 대한민국 정부.. 그 정부 덕에 모두가 가난한 늙은이로 살다 죽는 데 아무 문제가 없네요. 화이팅 대한민국",0,1 star,POSITIVE,0,
알빠노~ 알아서 살아가라 자기 노후는 알아서 준비해라 나라돈이나 밑에 세대들한테 기생하지말고,0,5 stars,POSITIVE,1,
아니~현대차 정년연장  주장하고<br>노인빈곤을 왜  엮는가~<br>현대차  다니는  인간들  양심 좀  있어라<br>끝까지 계속  너희들만  배부른  돼지로<br>살아가려고  작업 들어가는건가???,0,2 stars,NEGATIVE,1,
비효율정책으로 세금말아먹을떄 아무소리없다가 특정정책에는 왜이렇게 죽겠다는 언론플레이하는거지?,0,1 star,POSITIVE,0,
죽을 사람은 빨리 죽어야지 뭐,0,1 star,POSITIVE,1,
나는 행복한데…,1,5 stars,POSITIVE,0,
"무기력해진다, 어차피 안 바뀔것",0,2 stars,POSITIVE,0,
노인들 일할수  있는 연령을 올려라.70세 이상으로,1,5 stars,POSITIVE,0,
올리면 낳지 않겠나.,1,1 star,POSITIVE,0,
서민들한테돈뺏어가,0,1 star,NEGATIVE,0,
"북한, 아프리카가 항상 비교의 대상<br>불만 있는자 가라. 북한 아프리카로",0,1 star,POSITIVE,0,
소득세줄이고 지방자치제 폐지하고<br>상속.증여세 폐지하면 된다<br><br>세금내다가 국민들 허리휘는걸 모르네~<br><br>국회의원수 반으로 줄이고 국가세수도<br>반으로 줄여라<br><br>그리고 세금 줄인 돈으로 우리나라도<br>미국처럼 401k제도 도입하면 된다<br><br>세금 쳐드시는 국개의원들~<br><br>국민이 부자되는 나라 만들자,0,1 star,NEGATIVE,0,
나라 꼴 잘돌아간다,0,5 stars,POSITIVE,0,
고령 인구 많은 우리나라  행복하지 않은것은 돈 없고 몸이 아프기 때문인데  몸이 넘 아파서 죽고 싶어도 죽지 못하는 이유  안락사를 자유롭게 할수 있다면 고통 받으면서 살 이유가 있나요,0,1 star,POSITIVE,0,
시의원 구의원 국회의원 없애거나 줄이고 세금 빼 먹는 도둑들만 없애면  노인 빈곤할 이유 없다,0,1 star,POSITIVE,0,
"10% 정도로 하고<br>나라살림 줄여라<br>쓸데없는지자제 폐지,국회의원<br>줄여라 물론 혜택도 줄여라<br>도둑들이 많은 살림살이<br>언제 철이들려는지?",1,1 star,NEGATIVE,0,
젊어서는 집살려고 뼈빠지게 살고 노년에는 생활고에 죽지못해 사는 나라,1,5 stars,POSITIVE,0,
2찍 늙은이들 가난해도 윤석렬이 지지해서 행복해요 무임승차 없애고 노약자석도 없애야됨,0,1 star,POSITIVE,1,
세금 많이 내고 있는데 왜 이모양일까… 1명이 몇명을 부양하고 있는건가?,0,2 stars,NEGATIVE,0,
한강기적의 주인공세댸.  중동사막에서 목숨을 걸고 아파트 입주 0순위 세대 올씨다.   신반포 연탄 아파트(5층) 입주 감격 대단하였지요.,0,1 star,POSITIVE,0,
벌어서 먹고 산다는건 정말 힘든거  같습니다   아슬아슬 하게  앞만보고 달려온 인생 또다시 살라고 하면  죽지 못살거 같습니다  인생길은   호락 호락 하지 안습니다,0,1 star,POSITIVE,0,
노인빈곤 문제는 앞으로  우리나라 경제에 큰 발목을  잡게 될겁니다.,0,4 stars,POSITIVE,0,
권력 가지고 있는 놈들이 헤쳐먹기 바쁘니 당연한거 아닌가? 국민연금도 어디에 쓰는지 모르고 손해만 본다던데~ 우리나라는 선진국에 들어가려면 한참 멀었다!!,0,1 star,POSITIVE,0,
노인빈곤 세대내 재분배. 해라,0,5 stars,POSITIVE,1,
가난한 노인들이 국힘을 찍는다,0,3 stars,POSITIVE,1,
기초연금 없애라,0,1 star,POSITIVE,1,
왜 연금 전혀 안낸 노인에게 기초연금 38만원 주니까 나라 재정이 바닥나지 우린 30년동안<br>꼬박꼬박 내고 받는다,1,1 star,POSITIVE,1,
자살률 1위 ^노^한민국 <br>저출산 1위 ^노^한민국 <br>고령화 실시간 진행중 ^노^한민국 <br>노년연금 비중 꼴등 ^노^한민국 <br><br>중국보다 압도적으로 살기 좋은 나라는 팩트노 ㅋㅋ,0,1 star,NEGATIVE,1,
일본처럼 공무원 연금. 군인연금 하고 통합이 우선이다...그래야 개혁을 해도 국민이 납득할수 있다...,0,3 stars,POSITIVE,0,
"고성장 뒤에 뼈를 깎는 노력과 트라우마가  뒷 배경임. 차라리 그냥 중등국가, 터키 칠레 이런 슬로우성장하는 나라가 오히려 트레디션과 어우러 가면서 ..스트레스도 덜함. <br>외국에서 보면 한국사람은 잘나보여야하는 강박에 사로잡힌게 보임.  그 스트레스로 나와서 살지만..ㅋ",0,2 stars,NEGATIVE,0,
국민연금을 정년퇴직에 주는게 맞지 미친정부야,0,5 stars,POSITIVE,0,
"국민연금만 국민세금 지원이 없다<br>공무원, 군인, 사학연금은 2017년<br>부터 빵꾸나서 2조메꾸고, 국민세금으로 매년 메꾸는 중이다  알고들 있나? 모순아닌가?<br>이걸 매년 국민한테 밝혀야..<br>평균재산 35억인 정치권들 절반줄이고<br>조직도 절반줄여야.. 세금이 아깝다",0,1 star,NEGATIVE,0,
부정부패척결이곧답이다인간사회는부정부패가없을수없다그러나그것을잘관리해서최소화하는것이다사회어느부분부정비리없는곳이없다특히높은곳에서모범을보이면획기적으로좋아질것이다,0,5 stars,NEGATIVE,0,
지자체 없애야함 지방소멸이라 부정부패의 온상임.,0,1 star,POSITIVE,0,
멀리갈것 없이 동남아시아만 가보아라 얼마나 비참하게사는지  ?? 좌빨들아...,0,2 stars,NEGATIVE,0,
"나라 운영 문제있다. 초등학교 아이들도 행복지수 낮다고나옴  애들도 불행,노인도 불행",0,2 stars,POSITIVE,0,
젊어서수탈당하고 늙어서 담배값으로산다,0,1 star,NEGATIVE,1,
아이들 사교육 대학등록금 여기에 돈을 전부주는데 노인가난 당연한결과 아인가요 독일처럼 대학등록금 교통비 전액 지원하면 우리나라 같은경우 노인가난 어느정도 해결이 될거같은데 문재해결이 보이는데도 안하는건 직무유기 부모들이 아이들에게 들어가는 돈이 너무 많아서 는해결이업지요,0,1 star,POSITIVE,1,
노인감정 부추기는 방송인가 <br>궁금하다,0,1 star,POSITIVE,1,
지금 국방부 투자가 더급하다,0,3 stars,POSITIVE,0,
이상한방송을 하는듯 지금나라빛을. 누가갑느냐 나라빛부터 갑어라,0,1 star,POSITIVE,0,
빛? ????,0,1 star,NEGATIVE,0,
이거라도 1위에 되여 다행입니다.,0,5 stars,POSITIVE,0,
안락사 가자,0,5 stars,POSITIVE,1,
"대통령님, 제발 경제를 살려주세요.",0,5 stars,POSITIVE,0,
이게 부동산. 방송 에스비에스 때문이디ㅡ,0,1 star,POSITIVE,0,
어릴때도 불행<br>학창시절에도 불행<br>청년기에도 불행<br>장년기에도 불행<br>노년에도 불행 ??,0,3 stars,POSITIVE,1,
사기 쳐야 잘사는국가 &quot;대한민국&quot;,0,1 star,NEGATIVE,0,
노인을한번생각해주시길,1,5 stars,POSITIVE,0,
짧은 소견입니다. 시간이 지나고나서 <br>시행착오가 많은 사람은 가난을 주고 돈이 많은 사람은 시행착오는 꿈이라고 생각이듭니다.<br>가난에 대물림....<br>부자가 되고 싶습니다. <br>세대갈등은 답이 없는 것 같습니다.,0,2 stars,POSITIVE,0,
국회의원 주는 월급 너무 아까워요?매일  하는일도 없이 서로  싸움질만 하는데  ?요즘 뉴스보면 햔숨만 나오고  삶이 너무 불안하고  어쩔땐  이렇게 살아서 뭐하나싶기도하고 ?나라에  미래가 없네요,0,1 star,POSITIVE,0,
일도 안하고 지들 기득권만 생각하는 국회의원수 줄이자,0,2 stars,POSITIVE,0,
젊이가 적으면 노인도 일할수 있도록 하면될거같네 국가가 지원만한다면 경제 휘청휘청,0,3 stars,POSITIVE,0,
58세 이상은 국개의원 출마금지 !!!,0,5 stars,POSITIVE,1,
노인도 일자리를 주세요 움직이지 않고 집에만 들어 앉아있다 보면 대사증후군이 옵니다! 건강이 악화되서 병생긴다는 말이지요 노인도 일을 해야  움직여야 병으로부터 멀어 집니다! 이 사회가 노인들이 일 못하고 병들어 죽으라는 제도를 만들어서 저렇게 가난에 찌들어 사는 노인들만 양산 시키는 이나라가 선진국 이라는 게 말도 안되네요 우리나라 정치인들 전세계 꼴찌입니다! 정치인들 정말 창피한 사람들입니다,0,1 star,POSITIVE,0,
"우리나라는 젊은 노인들이 일할 수 있는 여건을 만들어야 한다. 나이는 숫자에 불과하다고 생각될 60 중반의 능력있는 사람을, 사회는 그들을 노인이라는 틀에 넣고 좌절감을 느끼게 한다. <br>지금의 세상은 80이 되어야 노인 티가 난다; 늦게 결혼하고 늦게 아이 낳고 늦게 노인이 되는 세상이니까.. 그런데 현실은 그렇지 않다.<br>그들의 여건과 체력에 맞는 일자리 창출은, 수도꼭지에서 똑똑 떨어지는 물이 어느 새 한 양동이로 차듯이, 현재의 대한민국을 더욱 건강하게 만들 것이다! <br>노인이 아닌데 나이 숫자만 보고 자꾸 노인이라고 하니.. 그 이름에 걸맞게.. 집에서 놀거나 밖에 나가서 동우회니.. 하면서 돈만 축내게 되면서.. 그리고 그렇게 자기 체면을 걸면서.. 쉬는 사람으로 전락하게 한다. 정말이지 그런 삶은 치매로 가는 지름길로 들어 서게 한다; 일을 멈추게 되면 육체적으로나 정신적으로나 탈이 난다. 머리와 몸이 둔해지면.. 건강에 적신호가 온다! 치매가 온다!!<br>지혜로운 나라일수록 노인 대책을 잘하는 나라가 아닐까 한다. ??",0,2 stars,NEGATIVE,0,
공무원들 연금50프로 깍으면 해결된다 공무원 연금너무 많다,0,1 star,POSITIVE,0,
한국 노인들이 욕심이 많아서 그래 ????????,0,4 stars,POSITIVE,1,
"자식 낳지 말고, 결혼하지 말고<br>혼자서 살고 돈 벌면 절반은 노후 연금으로 비축하면<br>고만고만하게 노년을 보낼수 있지 않을까?",0,1 star,NEGATIVE,1,
노인들 시골서 농작물 가꾸는  터전을 마련해  생산으로 보람을 느끼게 하면 안되나?  시골 빈집 너무 많고 빈 땅도 많다.,1,3 stars,POSITIVE,1,
댓글에 맞는 말씀 좋은 말씀들이 넘나 많습니다 훌륭한 생각들입니다 정치가들은 뭣땜에<br>옳은 말씀들에 귀기울이지 않을까요 자기들 배가 부르니 나몰라라 하겠지요 대부분 금수저를 물고 태어난 자들이고 성공한 자들은 기득권 유지에 급급하며<br>다른 사람의 일에는 무관심 합니다 헛지랄하는 시민단체에 수천 수조원을 주고 하는일 없이 쌈박질이나 하고 복지부동하는 국회의원들<br>시구의원들 이들이 왜 필요한지요 돈 욕심과 권력 욕심에 부화뇌동하는 사법기관도 마찬가지이고 수많은 날들을 데모를 하고 반국가적 행위가 극에 달하면<br>그러한 이적단체는 힘을 얻고 돈을 갈취할 수 있으니 한탄스럽지요<br>기운없는 노인들이 어찌 사람으로 보이겠습니까 야권의 젊은 국회의원들인 처럼회같은 자들은 온갖 파행을 행하여도 일년에 팔억을 받습니다 국힘당의 무능하고 촐랑대는 자들도 큰돈을 받습니다<br>이런 자들이 꼭 필요한 것일까요 노인들이 이룬 부를 세금으로 탈취하여 누구 좋은일을 하는지 우리나라 역사를 보면 힘없는 서민이 착취를 당하지않은 때가<br>있었는지요 노인을 무시하는 풍조가 만연해 있는데 누구나 늙습니다 윤석열대통령께서는<br>전정부와는 달라져야<br>합니다 그러시리라 믿고 싶습니다,0,1 star,NEGATIVE,0,
총체적난국,0,3 stars,POSITIVE,0,
노인층의   부패정치에 대한  순응정도에  딱 맞는  노년정책          앞으로도 계속 쭈욱 3%이내로  유지하길  바란다는   부패정치인들의  속마음,0,1 star,POSITIVE,1,
우리나라 세금 많이 걷어놓고 인플레를 자주하고 집값늘 한지역만 폭등시키고 나라가 어렵다고 금모으기 같이 재난으로 돈도 걷러갔다 <br>어려울때 걷렀으면 지금 노인들 도움줘야죠 <br>200만원짜리 집이 20억 됐죠? <br>지금 노인이 나라발전시킨 새대인데 버르장머리 없고 못된 세대들입니다,0,1 star,POSITIVE,0,
"정치인은 국민을 위한정치를 하지않고<br>사회에서 안전장치 역할을하던<br>가정, 학교, 공권력은 녹아내리고<br>보통사람들 사는 세상은 나날이 험난해질듯 하다",1,1 star,POSITIVE,0,
국회의원 고위공직자들은 무보수 봉사직 으로 하고 나랏돈 삥 치는 놈들은 재산몰수하고 국민들이 직접잡아서 공개처형 해야된다,0,1 star,POSITIVE,0,
가난하고 불행한건 청년들도 비슷하다,0,3 stars,POSITIVE,1,
국회의원수줄이고 무보수로해야합니다,0,1 star,NEGATIVE,0,
상속세 걷어가니까 다같이 거지되는거 아님?...?,0,1 star,NEGATIVE,0,
국회의원너무많아서매일하는일이서로싸움질만한다,0,1 star,NEGATIVE,0,
정말국회의원수넘만아요,0,1 star,NEGATIVE,0,
살기도 힘들고 미래도 없고,0,3 stars,POSITIVE,0,
국가를 이끌어갈 엘리트들 이미 80년대에 진작에 다 죽고 없지. ㅋㅋ 우리나라 경제 성장 멱살잡고 끌어올린 박정희가 와도 안되고 전땅크 시절 3저호황을 이끌어낸 김재익 경제수석 35만명이 와도 불가능하겠다 ㅋㅋㅋㅋㅋㅋㅋㅋㅋㅋㅋㅋㅋㅋㅋㅋㅋㅋㅋㅋㅋㅋ,0,1 star,POSITIVE,0,
"노년에 가난해지는건, 부정할수 없다.",1,2 stars,POSITIVE,0,
젊은이들은  무자녀계획을세워서 자식키울돈으로  노후대비해야  노인되어서  젊은이에게  구박안받을거예요  <br>나의 노후생각임,0,1 star,POSITIVE,0,
노년 만아니다.중년도 청년들도 사람에따라..불행하다.,0,1 star,POSITIVE,1,
부지런하고 긍정인 사람은 그나마 행복 하고 <br>모든게 불만 투성 이고  개으른 인간은 당연히 불행 하겠죠 일도 즐겁게 해야 해복 하고 일하기 싫어 탱탱 놀고 개으린인간주변은 친구도 없으니 당연히 불행 하지~!<br>탱탱놀고 술이나 처먹고 지랄 한인간은 사람구실 못하니 연긍도 아깝다,0,1 star,POSITIVE,1,
이 나라는 애 안낳는게 맞음 ㅇㅇ,1,5 stars,POSITIVE,0,
"노인으로 되어가며 마음의 준비를 하는게 내 돈 없이 자식,타인,정부에 부담,짐이 된다면 존엄사 할거라 생각하고 살아요.국고가 없으니 아무 능력없는 노인들 주는 돈으로 아이나 청년들을 위해 더 쓰는게 나라가 살길이라 생각합니다.비참하지만 후세를 위한 길이라 생각하고 받아들여야죠.",1,5 stars,POSITIVE,1,
"지방세는 감사도 안받던데 지방세 내지말자,  참고로 법인세, 소득세 등의 세금의 10프로는 지방소득세잖아여?",0,1 star,POSITIVE,0,
윤대통령님 !! 우리나라 노인분들 좀 잘챙겨 드리세요 왜 그리 야박하세요 노인 빈곤상태가 얼마나 심각한지 정말 모르시나요?  적당한 정도를 따라  해결해주세요.<br>??????,0,5 stars,POSITIVE,0,
복지제도가 너무 늦게 발족되는 바람에~~,0,2 stars,POSITIVE,0,
청년세대가 왜 모든걸 포기하는지 아직도 모르십니까? 가난한 당신들 기성세대 보며 미래에 인생은 행복보다 고통과 슬픔 가난이 크다는걸 알아버렸기 때문입니다.,0,1 star,POSITIVE,1,
모든게 기득권만 잘살기 위해 돌아가는데 당연한거 아닌가,1,1 star,POSITIVE,0,
"지도층 들이 돈 빼먹지 않는다면 빈곤한 사람 없을것이다 문재인 좌파들 북으로돈보낸돈 등,김대중 ,전두한, 이명박 ,노무현 이재명등 나라돈 잘 관리 해야 한다",0,1 star,POSITIVE,0,
집 팔아쓰라고 하쇼. 자가 보유가 oecd 중 최고일걸?,0,1 star,NEGATIVE,0,
다른 나라처럼 구의원 시의원은 봉사로 생각하고해야지 ㅡㅡ 나라돈 쓸생각들만 ㅡㅡ,0,1 star,POSITIVE,1,
국민연금 개혁해야 한다    더불어  살자고 하면서  말뿐이다   더불당  뭐하냐 한국판  카스트제도다  늙으면 오로지 국민연금으로 사는데  연금액 이  10배 이상차이가  나는  사람도있다,0,1 star,POSITIVE,0,
통계가 약간은 다를수도 있다  진짜  노인 빈곤이 있는반면 이 통계에서 말하는 절반쯤의 빈곤은 노령 수당ㆍ또 단독 세대에 주어지는  혜택 대문에 만들이진 노인 빈곤층이 상당수  있다고 본다,0,2 stars,POSITIVE,0,
공무원.군인에게는 세금으로 후하게 주면서 노인 기초연금에는 인색하게구나  국민의힘 지도부는 이러면 안되는 것 아뇨 65세 노인들표 빠져나가면  정권이어 갈수 ㅏ있을것 같나요 노인을 홀대하는 정부 우리는  등돌리겠다.,0,1 star,POSITIVE,0,
청년기의 지원을 대폭 늘인다면 스스로 자신의 노후문제를 준비하기 쉬워질것<br>취업이나 주택문제 출산지원을 대폭 늘이고 안정된 청년기를 위한 정책을 펴야 함<br>나도 노인줄에 들어서지만 노인지원보다 청년지원에 투자해야 미래를 기대할수 있지않을까,0,2 stars,POSITIVE,0,
짧은소견입니다. <br>나이가 지나면서 느끼는 것은 부모가 행복하지 않으면 자식은 삶이 피폐합니다. <br>가난에 대물림이라고 몰라지만 맞는 말 같습니다.,0,2 stars,NEGATIVE,0,
애낳으라고 280조를 썼다느니 그딴 돈 이상하게 쓰고있고 그리고 세금올려서 메꿀생각마라 지금도 반은 세금이니까.,0,1 star,POSITIVE,0,
이념 쌈박질로 모든 세대가 불행한 대한민국. 미래가 없다ㅜ,0,5 stars,POSITIVE,0,
쓸데없이 공무원한테 돈 많이 쓰는 나라,0,3 stars,POSITIVE,0,
"국민연금 늦게 주고 연령 확대, 수금 확대할려고 언론이 나팔수 하고 있나? ㅎㅎ",0,1 star,NEGATIVE,1,
인간으로 태어난 자체가 불행하다 젊을때는 실컷부려먹고 나이먹으면 쳐다도 안본다,0,1 star,POSITIVE,0,
빌드업 지리노??,0,5 stars,POSITIVE,1,
늙으면 빨리빨리 알아서 뒈집시다.,0,2 stars,POSITIVE,1,
"나라가 경제적으로 발전할 수록 빈부의 격차는 심해지고 노년은 불행해집니다. 영국, 미국의 돈없는 노인들은 한국노인들 보다 나을까요?? 먹을 것 없어서 푸드뱅크 이용하고 난방비 없어서 집에서도 옷만 껴입고 사는 얘기는 우리나라에만 발생하고 있는 현상일까요?? <br>노년 준비하지 않고 복지에만 기대 살다가 국가재정 악화로 복지비 깍으면 음식, 난방비 없어서 얼어죽는 것은 어느나라에서나, 누구에게나 일어날 수 있는 현상입니다. 젊을때, 건강할때 최대한 준비해놔야 합니다.<br>내 주위에 노년기 어렵게 지낼것이 예상되는 사람들은 이미 젊었을때 보임... ㅜㅜㅜㅜ<br>나라핑게하게 전에 자신을 먼저 되돌아보는 시간을 가져 보아요. 국가의 도움은 마지막에 받겠다는 자세로 준비한다면 걱정안해도 될 듯!!!!",0,1 star,NEGATIVE,0,
젊어서 놀았으니 늙어서 가난하겠지 ㅋ,0,1 star,NEGATIVE,1,
최악의 헬조선..,0,5 stars,POSITIVE,0,
노인뿐이 아닌게 문제입니다,0,3 stars,POSITIVE,0,
돈만 뺏어가고 ?? 판이네,0,1 star,POSITIVE,1,
노년에행복해야되는대먹고살수없어불행한삶을살아야하니<br>길이없네정년퇴직있으니기초연금60세부터줘요,0,1 star,NEGATIVE,0,
노인이.가난한한.이유가있다.국가에서.준.돈때문에.정부에서.지원금.탈려고.재산을전부..자식들한테.거짐다좋다고.알면돼다.,0,1 star,POSITIVE,1,
고시원 살면서 풀할부로 중고 외제차 끌고 술 쳐먹고 담배피고 흥청망청 살다가 나이들면 돈 떨어져서 개고생하는거지 뭐 ㅋㅋㅋ,0,1 star,POSITIVE,1,
노인 빈곤은 개인이 사회 활동할때 준비 안해서 생긴 문제를 왜 나라가 해결하려고 하는지...,0,1 star,POSITIVE,1,
2찍이가 뽑은 윤석열이 해줄거에요,1,1 star,POSITIVE,1,
자꾸 노년어쩌고 연금이 어쩌고 하는데 이럴거면 유럽처럼 40프로씩 때고 노년에 평균소득 70프로 지급으로 하던가 연금이 원투데이 문제야? 이번에 국힘이 정권잡아서 연금이 개판났냐? 다같이 뭉쳐서 생각해도 모자랄 판에 남탓만 줫나 하고 있내 좌통이든 우통이든 사람들 욕안하고 나라꼴 똑바로 돌아간적이 있냐? 한심한 새끼들아,0,1 star,POSITIVE,1,
그리스 그래서 망했잖아요<br>그럼 지난정부는 한점 걱정없이 돈을 다른데 <br>물쓰듯이 썼잖아요<br>문재인정부때는 왜 얼론에서는 아무말도 않했나,0,1 star,POSITIVE,0,
현대차 직원이 노년빈곤층이냐.<br>정말 할거면 비정규직 임금이나 올려주라,0,1 star,POSITIVE,0,
돈없으니까<br>또 외국얘기하지<br>세금 병신같이 낭비해놓고,0,1 star,NEGATIVE,0,
참 한국인들 불쌍하게도 살지.<br>젊어서는 수능 대학입시에 전력을 투입해서 서구권애들 친구들이랑 추억쌓고 다양한 경험할 동안 오직 공부공부 대학도 재수율이 이십퍼가 넘고<br>대학교 가서는 힉점스펙준비에 취업에 그것도 취업재수삼수<br>취업하고타서는 열악한 노동환경과 살인적인 노동강도에도 묵묵히 일만하고 서양애들은 야근도 안 하고 가족들이랑 행복한 워라밸잡힌 일상살면서 돈은 더 많이 받는데 자발적 노예들은 어찌나 많으신지 후배들 군기잡느라 바쁘시고 인생에 있어서 가족이나 그 외의 것들이 중요한지는 모르고 팀원들 닦달이나 하고 있는 오직 공부 일 출세밖에 모르는 한심한 인간들이 지천에 깔린 게 한국이지.<br>정작 소위 출세해도 지금은 괜찮은 아파트도 못 사는 신세ㅉㅉ,0,1 star,NEGATIVE,0,
ㅋㅋ 공부제대로하는애들이 몇이나된다고..패션 수험생 패션 대학생이 80%인나라에서,0,2 stars,POSITIVE,0,
국회의원수줄여라 없애라,1,1 star,NEGATIVE,0,
나라가 급성장 하다보니 기득권층이 70~80년대 세기말에 머물러있어서 철학이 없음.. 경쟁이 문제인데 마냥 좋은건줄 앎.. 급성장을 하지만 반대로 다들 말려죽이는게 경쟁주의인데..,0,2 stars,POSITIVE,0,
다 경쟁주의에 빠져서 그럼..,0,2 stars,NEGATIVE,0,
누가 애 낳겟나.<br>애가 커서 노인되고 불행해질텐데.<br>노인100%에게 기초연금지급해라<br>그게  최고의 저출산 대책이다,1,5 stars,NEGATIVE,0,
좀더 일하고<br>지급 연령도 68세 이상이 좋고 수입이 있어도 연금을 지급해야 한다. 우리나라 노인 빈곤은 돈을 자식들에게 다 주고 빈곤층으로 나랏돈 먹는 사람도 많다.,0,5 stars,POSITIVE,0,
진짜 헛소리인게 이제막 퇴직하기시작한 소위 486베이비 부머세대들 국연 100만원에 공무원연금이면 300씩 수령해감... 10년만지나보자...,0,1 star,POSITIVE,1,
이래저래ㆍ<br>불행한 국민들ㆍ,0,1 star,NEGATIVE,0,
젊어서 돈 다 수탈당하고 늙어서 담배값 준다,0,1 star,POSITIVE,0,
다른 모든 선진국에선 은퇴한 노인이 은퇴 전보다 생활이 윤택해 지는데 (그러니까 은퇴하는거죠) 유독 우리나라는 은퇴하면 태반이 빈곤층으로 전락함. 금융 자산은 거의 없고 부동산에 모든 돈이 몰려있는 희안한 나라라 그렇습니다.,1,1 star,POSITIVE,0,
망하든말든,0,1 star,POSITIVE,1,
우리나라의 근본적인 문제는 우리가 그렇개 응원하는 대기업 때문이다. 전체 GDP 중 84%를 대기업이 가져가지만 고용은 10%만 담당하고 있다. 그런데 대기업 직원도 몇배씩 버는게 아니니 대부분은 일부 오너 알가와 회사로 들어가게 되어 실제 국민에게 돈이 내려가지 않는다. 그 결과 상위 1%가 전체 GDP의 11.7%를 가져간다.,2,2 stars,POSITIVE,0,
이야 이건 머 소말리아 무슨 어디 부패한 나라 보다 더 가망 없네 현재도 미래도 없는 이 나라는 소멸되는게 답인듯 싶다,0,1 star,POSITIVE,0,
80년 산다고 가정하에...<br>이제 마흔둘인데 남은40년은 쫌 행복하게 살고 싶은데...<br>그게 되려나요?????,0,2 stars,POSITIVE,0,
나는 자랑스런 태극기 앞에<br><br>조국과 민족의 무궁한 영광을 위하여<br><br>몸과 마음을 바쳐 충성을 다할 것을<br><br>굳게 다짐합니다,0,5 stars,NEGATIVE,0,
개발도상국으로후퇴하는건가?!,0,1 star,POSITIVE,0,
"국민연금 개혁 68세로 연장? <br>처음 60세에서 65세 이제 68세로 연장한다고?  웃긴다.<br>기금부족이 국민잘못인가?<br>국민연금 수령시기 10년뒤 60세에서 65세로 연장되어 수령한다. <br>퇴직연령이 60세인데 현재도 5년의 공백기가 있다. 난 동의 한적 없다.<br>대책없이 연장하여 하지말고 원래대로 60세로 돌려놔야 된다.<br>대신 빈부의 차이를 국민연금으로 줄이는 순기능을 강화하여 중위소득이상 보험요율을 소득비례 단계적으로 올려 기금소멸과 중산층을 늘릴수 있다고 생각한다.<br>정년을 늘리는것은 청년층의 고용에도 부담을 주고 정년을 늘리지않고 국민연금 수령시기를 늘리는것은 기금고갈의 책임을 국민에게  전가하는것이다.<br>차라리  공무원연금처럼 세금 즉 국가재정으로 집행해라. 부자세금줄이지 말고.<br>정년연장 65세로 국민연금 수령 68세 늘리면 또 3년 공백이 있고,<br>정년 연장은 기업은 반발. 청년들과 일자리에서 충돌이 불가피하다.<br>난 중산층이하여서 30프로 손해를 보더라도 조기수령할수 밖에 없다.<br>지역가입자는 직장가입자의 사업주 부담분과 같이 일정부분을 국가에서 부담해야 맞지않을까? 생각한다.",1,1 star,NEGATIVE,0,
남조선은 <br>국방비에  마이 쓰야된다<br>무조건 비교 불가,0,2 stars,NEGATIVE,0,
그런데도  국민의짐 찍어주는   틀딱  ㅉㅉ,0,3 stars,POSITIVE,1,
친중만이  살길이다!.,1,5 stars,POSITIVE,0,
쓸데없는지출을하고 왜국민만고생해야하는건지 왜나라가이꼬라지가됐쓸까??,0,1 star,NEGATIVE,0,
우리나라 노인빈곤은 서방과 단순비교하기 힘들다 노후연금을 준비하지 않고 자녀한테 노후자금을 몰빵한후 노인빈곤을 자초한 경우가 많다,0,4 stars,POSITIVE,1,
저출산1위 노인인구 1위 그럼 경제활동은 누가하나요???ㅡㅡ,0,1 star,NEGATIVE,0,
2.8인지 어찌앎?<br>글고 받는 급료 자체가 적은데...,0,2 stars,NEGATIVE,0,
정치권 범법자가 득실득실 거리니   노인 정책?  지들 일이 아니니 소귀에 경읽기다,0,1 star,POSITIVE,0,
흔히 100세 시대라고 말하지만<br><br>굳이 수명대로 다 살 필요가 있나?<br><br>50만 살다 편히 가는 선택도 있다.,0,3 stars,NEGATIVE,1,
빛이8000조입니다~~~,0,5 stars,POSITIVE,0,
우리는 중진국이지 선진국이 아니다~~ㅋㅎㅋ,0,1 star,POSITIVE,0,
혼자살어라~돈열심히 모아서 노후를 즐겁게살자~~~~,0,1 star,POSITIVE,0,
국회도  자기들  밥그릇만 챙기지  기초연금등  대책이나 세워라.<br>60세 퇴직하면  일자리를 주든가.<br>국민들이  걱정해야 되나.,0,1 star,POSITIVE,0,
"현재 청년들은 잘 명심해야한다.<br>노인 빈곤 문제를 자녀에게 전가하지 말고, 무자녀 계획을 세워<br>자식 키울 돈을 충실히 모아<br>노후를 스스로 대비해야함.",0,5 stars,NEGATIVE,0,
계란을 한 바구니에 넣지 말랬잖아...아새끼들한테 몰빵하면 이리 되는겨...,0,1 star,POSITIVE,0,
생각이 없는케세라 세라로 사는 한국인. 본인이 노후 준비를 해야지요. 가난은 나라도 못 구한다.,0,1 star,POSITIVE,1,
늙어도 젊어도 불행하네,0,2 stars,POSITIVE,0,
국민연금 올려서 빵꾸난 세수 떼울려고 밑밥까는거냐???<br>그만좀해라 그냥둬도 힘들다,0,1 star,NEGATIVE,0,
가난한 노인인구 그냥 놀았다 청년 하루 한끼먹는다는 사회인 <br>한편으론 명품에  수입차 해외여행 과소비하는 <br>진짜 극과 극의 대한민국이다,0,1 star,POSITIVE,1,
2찍들 찍은결과 자업자득 굥산당이 제일 먼저한게 노인 일자리 없애고 복지 없앤거 나는 잘했다고 본다 뿌린대로 거둔다,0,1 star,POSITIVE,1,
물이 자연스럽게 위에서 아래로 흐르듯이<br>어린이는 노인을 바라보며 어떤 생각을 할까  인생의 황혼인 노인이 행복한 나라가 살기좋은 나라다,2,5 stars,POSITIVE,0,
전정부  좌빨논들  부정부패  해먹은돈  다  몰수해서  노인복지해라!!,1,1 star,POSITIVE,0,
외국이나 선진국들은 노년에 편하게 살려고 하는데... 우리나라는 자식들한테 얽매여서 퇴직하고도 돈을 벌러다님... 죽을때까지 일하다가 여행은 잠깐 가는거... 이런 인식이 팽배함... 그러니 퇴직하면 죽는줄 아는 사람들이 많음.. 실제로도 그렇고...,0,1 star,POSITIVE,0,
"지금의  7080 세대  ,  가난한시대에  동생들공부시키고  ,  가지많은나무에  이리저리  퍼주고희생한세월이,  이제나이들어보이   비참한  나이와  아픈  육신만이있네여, <br>그리고  설움과 상처  한 만이,<br>엣말에  검은머리 거두지말아라,<br>ㅋ   인생사   허무함이군요,",0,5 stars,POSITIVE,0,
이게다 문정부 때문이다 부동산악법   폭탄세율 올려서   ㅠ,1,1 star,POSITIVE,0,
나이먹었다는. 이유로 젊은 애들 안데 어른대접. 받을려고. 하지말고.노인대접. 받을일을 뭐 했는데. 거리에 휴지라도 주워봤나.,0,1 star,POSITIVE,1,
노인들을. 무료봉사하는 사람들만.노령 연금줘라.놀고 먹는데 왜 주나.그렇게 해서 오래살아서 뭐하나.,0,1 star,NEGATIVE,1,
대한민국 사람들. 노후가 힘든이유.자식들뒷바라지해서다.성년이 되도 자식 생각하는 이유를 이해를 못함.,1,1 star,POSITIVE,1,
"젊었를때 가정 내 팽개치고 세금도 안내고 개차반으로 살다가 나이 쳐 먹었다고 ,불쌍하다고 돈주면 누가 젊었을때 세금 꼬박꼬박 내며 성실히 살겠나.",0,1 star,POSITIVE,1,
지금 장년층도 해외여행 흥청망청쓰다 노후준비도 못하고 빈곤에 빠질수있다,1,2 stars,POSITIVE,1,
안 그래도 노인 빈곤 OECD 1위인데 연금까지 건드린다니 놀랍구나. 개돼지 노예들 다 죽으라 이건가?,0,1 star,NEGATIVE,0,
"25년간 공부만 했더니 들어간 곳이 대우건설. 그래도 월급이 괜찮고 복지도 좋았다. 강남이 막 떠오르던 시절 강남 여친 만나서 결혼하고, imf가 터질 때 친정 도움받아 버티고, 2000년대부터 자식들 졸업할 때까지 합 15억 넘게 들여 길러냈다. 어느덧 강남에 자가도 있고, 연봉도 상위권이지만 여전히 월 30이상 쓰시질 않는다. 자식들에게 15억을 쓰셨는데 벌이에 비해 모아놓은 돈이 많지도 않다. 이게 우리나라 상위 3프로인 우리 아버지의 삶이다. 그럼 나머지 97프로는 이것보다도 경제적 여력이 더 없을텐데 나라에 미래가 있겠는가? 혼자 살거나 딩크로 사는 게 답이다.",5,2 stars,POSITIVE,0,
국민연금 깍는거 반대<br>인공지능이 일자리 다 대체할건데<br>기본소득 보장해라,0,3 stars,POSITIVE,0,
우리나라는 왜 모든 세대가 다 불행한가 ㅠㅠ… 너무 안타깝다 난 청년세대이지만 노년세대의 어려움 역시 공감한다…,86,4 stars,POSITIVE,0,
오랜 시간 부정부패비리의 결과,1,3 stars,POSITIVE,0,
그냥 국민연금 해체하자,0,1 star,POSITIVE,0,
헛돈 나가는것만 줄여도 될듯~ 여성부만 없애도 1.2조는 확보~ 그리고 가난한 노인비율 저거 조사가 잘못된고라며 뉴스면 제대로 된 조시를 해야지~ 사실상 미국이랑 비슷한 21%라는데 43%그대로 가져다 쓰면 어떡하냐? 그리고 현기차 노조를 기준으로 하면 씨알도 안먹힘~ 쟤네는 연봉이 얼만데 5년동안 쓸 돈도 못모은다는건 그냥 나가죽어야함,0,1 star,NEGATIVE,1,
?? 국개의원 100명으로 줄이라  !!!,0,5 stars,POSITIVE,0,
쓸데없는 세금이 너무많다,0,2 stars,POSITIVE,0,
"대학부터없애야한다,.쓸모없는 학업에 돈과시간을낭비하는거다..대학은<br>실업자양성소다.",0,1 star,POSITIVE,0,
정부가 일을 안하니... 세금도둑 다죽었으면....,0,1 star,POSITIVE,0,
다른나라랑 연금 받는 수준이 같냐 이딴걸 언론이라고,0,2 stars,POSITIVE,0,
80넘어서도 일할까봐 겁난다.,1,1 star,POSITIVE,0,
거인의 힘을 사용하면...!,0,3 stars,POSITIVE,0,
일본은 같은 인구절벽에 한국젊은 이들 때문억 먹고 산다 관광와주고 물건사주고 심지어 핵오염수까지 노후걱정안해도 될듯,0,1 star,POSITIVE,0,
넉넉하지도 행복하지도 않은  노인들이 극우유튜브에 빠져 윤석열에게 압도적 투표 <br>윤석열의 대표적 어록<br>-없이사는 사람들은 부정식품 먹을 자유를 줘야하고 <br>-임상실험 전 신약도 쓰게 해주고 <br>-없이 사는 사람들은 자유가 뭔지 몰라.,1,1 star,POSITIVE,1,
민주세력들   끼리끼리  정치환경   때문이고   노동 현장 식당등 모든 근로자는 모두  중국인이기 때문  김대중은  강원랜드   노무현은  중국인 노동현장 모두 주었고  문재인   얘는  북한에 ....<br>국군 기강까지  헤친놈,1,1 star,POSITIVE,0,
"k-pop k-food 에 이어 이게 바로 k 노년이란 말이다.캬~~국뽕이 차오르네.<br>자살율 1위, 노인 빈곤율 1위, 행복도 최저 1위.",0,5 stars,NEGATIVE,1,
초등1. 아동수당 십만원주고 아이 낳으라고 에라이~~,0,3 stars,POSITIVE,0,
건국이래 60대이후가 제일 많은 혜택을 받을것<br>그이후50대부터는 텅텅그지,0,5 stars,POSITIVE,1,
뭐하나 안정적이지못하고 아등바등 사는.,0,2 stars,POSITIVE,0,
거짓맗하지말아라 자산은베이비부머세대가 다가지고있다 자산팔던지 자산에도 연금부과하던지,0,1 star,POSITIVE,1,
교육이  살아 있어야 한다<br>효를 비탕으로 하고 열심히  배우고 익히며  지옥같은 입시도 치루며 세상 사람들의 복지를 위해  10% 돈을  쓸줄 아는  나라가 되자,0,5 stars,POSITIVE,0,
"가방끈 있는 놈들이 머리에든게 <a href=""https://www.youtube.com/watch?v=G9vU30zC22E&amp;t=6m17s"">6:17</a>  사기나치고  낙화산이나 좋아하고 공짜를 좋아하니 노인들이 이모양이지",0,4 stars,NEGATIVE,1,
생산기계화로 절은인구 질적인면이 나라를 세계를 이끈다 인생의 노년이  행복한  나라가  대한민국이 살기좋은 나라가 되도록 하자,0,5 stars,POSITIVE,0,
대한민국돈이없는게아니다쓸데없는사회단체한해수조원씩주고,2,1 star,NEGATIVE,0,
"군인연금은 건딜지 말아라. 지금 힘들게  근무하고 있다. 그냥 국민연금 없애라. 나 못받고 죽을것 같다. 그냥 선택제로 하고 노인들 표 의식하는 정치인들 부터 무보수제, 명예직으로 바꾸고 지자체 인구도 없는데  싹 없애자. 제발  소방, 군인. 빼고는 다 없애자.",1,1 star,POSITIVE,0,
국회을회택받는거줄이고시의회줄려라국회가회택받는거주려라시민한톄정가하지말고저알미친고발달지경이다정부가너무하는것안니냐서민들만죽이고인네세금들을먹언것들을모조리토해내라,0,5 stars,NEGATIVE,0,
정치인 새끼들만 돈잔치 하는 나라잖아요,0,1 star,POSITIVE,0,
국민연금을나라가그돈을가지고늘려지모싸고작구올리려구하는지모르게네,0,1 star,POSITIVE,0,
국회의원수 절반줄이고 시의원 없애면  됩니다. 쌈박질만하는 국개들 보기싫어.,0,1 star,POSITIVE,0,
"갈라치기같은데 지금노인들이 저런현실은 아니지안나.. 물론 힘들게사시는분들도계시긴하겟지만<br>노인들의 자산으로 성장한나라인데 왜 미래세대의 노동력착취로만 국민연금 국고를채우는거지..
<br>자산의 급격한 성장으로 이미 후대새대는 앞선새대처럼 강남을 3억에사서 100억에팔는 방법처럼 자산을 늘릴수도없고
<br>후발주자는 그냥 순수하게 노동으로만 돈을벌어야하는데 노동으로만 일하는사람이 자산가들을 부양해야하는 말도안되는 말을하고있네..<br>자산의 균등화를할거면 세대간의 자산균등화가아닌 형평성의 균등화를해야하지안나..<br>많이벌고 많이있으면 조금더내고 없는분들을도와주는쪽으로하면 세금내도이해를하는데..<br>이건뭐 노동에대한 소득에대해서만 책임을 물려고하네... 자본에대한 소득에도 책임을 물어봐라...",0,2 stars,NEGATIVE,0,
이 가난한 노년을 더 가난하게 만드려는 연금법 우쒸 휘발놈들,0,1 star,POSITIVE,0,
당연히 행복해질수가 없지<br>곳간을 빼처먹는 겄들을 뽑아주는데<br>행복해지겠냐 국민의생명과재산을 지켜야할 공무원들이<br>국민의생명과재산을 탐하는 자들만 득실거리는게 현실<br>행복은 우리 스스로가 만들어가는거다 제대로 된 정치인을 뽑아야지<br>탐욕에 가득찬 인간을 뽑으니 불행해질수밖에 ...,1,1 star,NEGATIVE,0,
뭔걱정이야 집팔면 몇십억인데....,0,1 star,POSITIVE,1,ㅏㅓㅏㅓㅣㅓㅣ
"니들이 있는 돈 집에다 전부 꼬라박아서 집값 올려놓은거 아냐  ..., 씝 죠션 집값들이 이런게 말이되냐?? 한강물 얼기 전에 얼른들 뛰어내려라",0,1 star,NEGATIVE,1,ㅓㅏ
자식보다 날위해 사시길...,1,3 stars,POSITIVE,0,
자식들에게 희생한 노인복지는 국가가 책임,2,5 stars,POSITIVE,1,
노인네들은 아직 더 맞아야 한다 자신들이 찍은 표의 댓가가 어떤건지 뼈에 새길만큼 아파봐야 정신을 차릴려나??<br>20~30대들 역시 자신들의 선택의 결과가 얼마나 엄중하고 고통스러운 건지 더 느껴야될듯 싶다  <br>투표는 절대선을 선택하는 것이 아니라 차악을 선택하는 것이다,0,2 stars,POSITIVE,1,
남편70세 나69세 남의 일이아니네요 슬픈 현실 입니다.??,10,5 stars,POSITIVE,0,
왜 노후를 국민연금으로만 얘길하나<br>자기의 노후를 대비해 젊을때부터 준비해야하는것이<br>자신의 노력을 논해봅시다<br>무조건 난 돈없으니 나라든 누구든 돈내놔라 하는것은 안되지요<br>노인안전망은 나라만하나?<br>개인은 안하나?,0,1 star,NEGATIVE,1,
근로가 복지인데 나라가 인식안하고 대책없는게 문제,1,1 star,POSITIVE,0,
횡재세 거둬 노인빈곤과 국민연금 등 지원하게.<br>바보 정부야ㅡ.,0,5 stars,POSITIVE,0,
우리나라가 저 나라들이랑 동급이라는거지... 국민연금 폐지하라,1,1 star,POSITIVE,0,
통닭 튀기는기계나오는거봐라 사람줄어드는게 좋다  많으면 먹을게 줄어든다,0,3 stars,POSITIVE,0,
저출산에 노인 빈곤에 이 나라는 정말 핵노답이다 <br>대책 나와봐야 맨날 배가 산으로 가버린다,2,1 star,POSITIVE,0,
국회의원 수 줄이는게 국민의 살길입니다,1,5 stars,POSITIVE,0,
기초의회 문닫으면<br>저소득 고령연령 적정한 문화생활 가능하다,2,3 stars,POSITIVE,0,
이런거 앞에도 K자 붙여서 한국의 낯부끄러운 현실을 전세계에 알리자 K페미 K연금 K출산율 K노후 K경쟁률 K자살율 K국회의원 K붙일거 참 많네,0,1 star,POSITIVE,1,
자식에게 사교육너무시키지 마라,1,3 stars,POSITIVE,0,
"국회의원 수 절반으로 줄이고혜택도 대폭 줄여서 공적연금 늘이자<br>애매모호한 시, 구의뭔 무조건 없애라",62,2 stars,POSITIVE,0,
안락사 합법화시켜줘,0,5 stars,POSITIVE,0,
세비 물쓰듯 막쓰는 정치꾼들 부터 없애라~??,0,1 star,POSITIVE,0,
국민연금 불입액을 높여야 합니다.,0,5 stars,POSITIVE,0,
집값폭등이 국민 모두를 거지로 만들었죠,1,1 star,POSITIVE,0,
바보기자야 2050년하면 실감이 가냐? 2025 년이나 2030년도 같이 통계를 줘야지 그리고 일본같이 1:2로되는 한국 시기도 알려줘야 기본이지 쯧쯧 특채냐?,0,2 stars,POSITIVE,0,
"국회의원,지자체,<br>줄여서 국세도 절감해서 비축하면<br>됩니다<br>그러나 그런생각은<br>일도 안합니다<br>다방면으로 생각을해야<br>말이지 세금을 절감해서 사용하고<br>비축해야 될텐데<br>다 안쓰면 죄인취급하는 나라가<br>정상이냐?아직멀었다",28,1 star,NEGATIVE,0,
열심히 일해 경제빌전에 이바지했는데 늙어서는 국민련금도 못준다하고 이용맘 하는건가 68세 준가는선 떼어먹겠다는 것 언제 죽을주 아니~,0,1 star,POSITIVE,0,
우리도  안락사를  시급히  도입하자   병들어  고통받아  힘들고   병수발에  자녀들도  힘들어하고   편안하고 행복하게  떠나도록  하자,1,5 stars,POSITIVE,0,ㅏㅓㅣㅏㅓㅣㅏ
"기초연금 받을려고 자녀들에게 미리 다 상속,차명계좌 예금하니 그런거야.<br>통계자체가 엉텅리 전수조사 전면적으로 실시해야함.",1,1 star,POSITIVE,1,
제발 이런 뉴스 내보내지 말라 <br>국민연금이 안전하다는<br>윤정부의 개노릇 하는것도 정도가 있어야지 SBS 너무하네,1,1 star,POSITIVE,1,
"낑낑 죽는 소리 좀 고만해,.",0,3 stars,POSITIVE,1,
기초연금.수급자로.사시는분들만큼.살게해주면된다.....<br>의료비지원.LH주거비지원.공공요금지원.연료비지원.도시락.생황용품.등등<br>수급자가.살아가는데.가장안정적이다...<br>자녀키워출가시키고.작은집한체있고.국민연금조금받고.세금내면서.앞으로가.가장문제다..,0,1 star,NEGATIVE,1,
일을 안하니 돈이 없는거 아닌가,0,1 star,POSITIVE,1,
"국민세금 받는 국회원들은 너무나 잘사는데 서민들은 가난한, 뭐 나라나 국민 위해 하는 일도 없고 지들 이익만을 위해 싸우는 가치없는 인간들한테 내 귀한 세금 주기 싫습니다. 나라와 국민을 위해 일하십시요.",87,1 star,POSITIVE,0,
문재인. . 나라 망쳐,0,5 stars,POSITIVE,0,
2017년걸 떠드는게 무슨의미가 있나?? 뉴스가 아니네.,0,1 star,POSITIVE,0,
계속  말 바꾸는 연금 <br>없는 세금도 만들어 뜯어가고...,0,1 star,POSITIVE,0,
세계1등국가<br>인구감소1등<br>노인인구1등<br>자살율  1등<br>한국소멸1등,0,1 star,POSITIVE,0,
새는  돈이 더 많은 지 관리 잘 해야 합니다,1,3 stars,POSITIVE,1,
자식교육에 올인하며 자신 노후대비 소홀히 한댓가는 노년 가난.,0,5 stars,POSITIVE,1,
"나이들어서 빈곤하면 비참합니다. 건강하면 그나마 다행이지만, 병상에 누워서 약에 의지해 연명이 가능하다면 존엄사가 해결책이 될 수도 있을겁니다. 현재 40대 곧 조만간이니 존엄사에 대해서 사회적  토론과 협의가 필요해보입니다.",33,2 stars,POSITIVE,0,
국민연금 폐지하라..부동산도 연금도 임금도 다 국민들에게만 떠 넘기는 구나,0,1 star,POSITIVE,0,
이민오길잘했다ㅎ,0,5 stars,NEGATIVE,0,
자식들한테 몰빵하고 대접 못 받고.,0,1 star,POSITIVE,1,
윤석엿 같은 인간 찍어대니 <br>이꼬라지지,0,1 star,NEGATIVE,1,
지금도  노인 빈곤률 1위인데  국민연금  더걷고  더늦게 주고  덜줄려는   생각을 하는게  기가막힘,1,1 star,POSITIVE,0,
우리나라는  노인들이  쓸데없이 정치에 너무 관심이 많아 <br>할일없는 인생이라  여기저기 간섭하는게 일상이지,0,2 stars,POSITIVE,1,
먼저 국개의원 숫자 혜택 줄이고 불필요한 선심성 예산 때만되면 갈어없는 보드블록 공사 친북 단체 각종 유령단체등에 주는 지원금등 나랏돈 도둑질 못하게 해라,0,1 star,POSITIVE,0,
60세가 다거오니  몸이 점점  달 라져서 일하기가 힘들어요 연금 받고싶은데  자꾸 늦추니 견기기 힘?? 들었어요 정말  안타까운 일 입니다,15,1 star,POSITIVE,0,
자업자득임. 차라리 투표나 하지 말든가. 무지성으로 매국노 찍고,0,1 star,POSITIVE,1,
"본인이 흙수저인데, 결혼해서 자식 낳으면 노후빈곤층 확정임.",0,2 stars,POSITIVE,1,
"우리 괜찮아...<br>대신,다음 세대<br>자네들은...<br>나쁜 놈들 뽑지 마러...잉!",0,2 stars,POSITIVE,1,
그건 청년도 마친가지 아닌가?? 유리지갑 더 작살나겠네…,0,1 star,POSITIVE,0,
이러니까 애 안낳지. 지금 상황에 애를 어떻게 낳아? 낳는 순간 평생 버는 돈 아이 키우는데 다 써버리고 정작 내 노년은 지옥이 되는데? 가진거라고는 평생 동안 번 돈을 그대로 박은 집 한 채 뿐. 하우스 푸어로 천천히 우울하고 고독하게 말라 죽을 뿐이다. 그 모습을 바라보며 자라는 지금의 젊은 세대들은 더욱 애를 안 낳게 되겠지. 인간은 미래를 생각하는 동물이라서 미래가 불행할 것 같으면 위험요소를 제거하려고 노력하기 마련.,1,2 stars,NEGATIVE,0,
국가가 헛 돈 쓰는 것도 문제지만 개개인도 쓸데없는 지출 진짜 만이들 함,1,1 star,POSITIVE,1,
프랑스 6년 지내면서 진짜 노인들의 삶이 엄청다르다...,5,4 stars,POSITIVE,0,
이런 상황에 결혼해서 애낳는 애들은 진짜 대단한거다,4,2 stars,POSITIVE,0,
많이 내고 많이 받아라. 안되면 못 받는건 당연한 거고,0,2 stars,POSITIVE,1,
대한민국은  지옥이다.    대한민국 정부는  국민이 돈 가지고 있는 꼴을  못 본다..  어떻게든  거지만들려고 하는 행동이  너무  티나게 많이 보인다..,0,1 star,POSITIVE,0,
늙은이덜 그만좀 일하고 젊은이들 일좀하게 해줘~~,0,5 stars,POSITIVE,0,
"지들이 싼똥 지들이 치워야지!!!! 이나라  이꼴로 망친게 누군데???? 말이좋아 노년이고 노인이지 내눈엔 그냥 뜰딱들이야 !!!! 하루 빨리 고려장 을 하든 
<br>빨리 뒤지길 바란다 무슨 의료보험은 뒤지게 잘만들어서 하루하루 수명 늘게 만든정책이지 !!! 빨리빨리 좀 뒤지라 늙은이들아 그넘의 박정희 새끼좀 그만 빨고!!!!!!!!!!!!!! 그넘의 라때는 집에가서 벽에 똥칠하면서 하고!!",0,1 star,POSITIVE,1,
참..에휴..  별 일났네..,0,1 star,NEGATIVE,1,
전쟁나서 다 죽자 그냥,1,1 star,POSITIVE,1,
노인들 무조건 도와주어선 안된다. 각자의 삶은 각자의 노력으로 살아가야 한다. 성실하게 살아온 사람은 노년에 힘들지 않다.,11,3 stars,POSITIVE,1,
전적동의헙니다,1,5 stars,POSITIVE,1,
일제 식민지 생활과 6.25로 가난 속에 몸부림치던 노인네들이라 넉넉할리가 없다.<br>시대가 변천하며 부자관계도 예전 같지 않아 불행한거고...,0,1 star,POSITIVE,0,
경제과목을 필수로 지정하고 젊은이들이 대학졸업 후 빨리 돈을 벌고 지킬수 있도록 해야합니다….<br>지금도 직장 내 정년 가까운 분들 중 대다수는 적게 일하고 많이 받는동시에 아랫사람들에게 대접 받으려고 하시기에 대접을 해야하는 젊은 직원들이 업무가 가중되는 현실인데 이러다 취직 나이 40될듯요ㅠㅠ,8,3 stars,POSITIVE,0,
국민혈세 절약해도 충분히 해결된다,0,2 stars,POSITIVE,0,
여자아나운서 목에 가래가 걸린거같아 답답하네요,0,3 stars,POSITIVE,0,
용산 이전 비용이 1조다~  조다들아~~,0,3 stars,POSITIVE,0,
자유~~자유민주주의니까 각자 알아서 살아~본인들이 지지하고 꿈꿔온 나라니까~  세금 써달라 떼 쓰지 말라!,0,5 stars,POSITIVE,1,
국가를 살리고 노인을 포기할것인가..<br>노인을 살리고 국가를 소멸시킬것인가..,2,1 star,POSITIVE,0,
둘다 하지마!,0,2 stars,POSITIVE,0,
경제 적으로 허세 부리며 살아가니까...<br>과거나..지금이나..<br>솔직히 우리나라 경제 규모면..<br>살만하다...<br>내 삶을 살고 있는지..남들에게 보여주는 삶을 살아가려 하는게 아닌지..<br>진지하게들 고민하고 생각해 보시길...,0,1 star,NEGATIVE,0,
정년연장은  퇴직후 재취업해서<br>임금을  줄여야 합니다ㆍ<br>물리적 나이기준으로 정년을 만든건데<br>현실을  받아들이고  재고용형태로<br>근무유도 해야 합니다ㆍ,0,5 stars,POSITIVE,0,
국민연금 운용도 불확실한데<br>청년세대에  연금불입을  선택제로 해야하며 쓸데없는 복지기금제도<br>다 없애고  65세 노인들 전부  지금<br>시대로 해야 합니다ㆍ<br>한국  불필요한 복지지급은  다 없애야<br>합니다ㆍ,0,1 star,NEGATIVE,0,
출산율 개박살에 불행한 노년에... 매년 헬조선 기록을 갈아치우네요~,0,1 star,POSITIVE,0,ㅘㅓㅘㅓ
"젊을때 인생을 노동에 갈아넣었으면 늙어서 가진거 많음
<br>다들 알잖아...번만큼 사치부리고 쓰니까 늙어서 없는거지<br>젊을때 노예처럼 일만하면서 재산누적만 하면서 지냈으면 노후준비가 안될수가 없지
<br>
<br>사치 하나도 안부리고 휴가도 안가고 취미도 없이 노동에만 갈아넣어서 저축했으면 
<br>늙어서 가진게 없을수 있을까? 
<br>그냥 버는족족쓰니까 늙어서 돈이 없는거지
<br>
<br>노인빈곤은 대부분 보면 젊을때 저축 안하고 하루 벌어 하루살다가 퇴직하니 돈없어서 저리되는거임
<br>안쓰고 열심히 살았는데 노후준비 하나도 안되있다는게 말이되나<br><br>그냥 생존을 위한 소비를 제외하고 자기만족위해서 뭐 사는순간 노년때 쓸 돈 없어진다는 각오는 해야하는거지 <br>그럼 무슨낙으로 사나 싶지만 어쩔수 없는듯",0,2 stars,NEGATIVE,,1
청년이 더불행하지 결혼도 못하고 일자리도 못구하고  독립도 못해 (20-30미래) 대학나옴 뭐하긋노 취업이 안되는데 ??????????,0,1 star,POSITIVE,1,
그냥 선택적으로 알아서 하게 해야지 노친네들 부양하기는 싫다.<br>이민 준비 다 끝나간다 잘 있어라.,0,3 stars,POSITIVE,1,
"한국은 오만과 모멸의 체계 라고 했습니다. 
<br>애들이 부모 소득에 따라 &quot;2백충, 3백충 , 임대충 , 개근거지(해외여행 못가고 학교만 나오는 가난한 애)&quot; 라고 놀리는 나라.
<br>심리학자가 한국인은 지적질이 엄청 심하다고 합니다. 
<br>심리 학자가 한국인은 &quot;이왕이면 다홍치마&quot; 심리 래요. 이것도 잘하고 저것도 잘하는 뭐하나 빠지는게 없는걸 좋아 한데요. 
<br>근데 세상에 그런건 없고 그건 무언가의 희생이고 착취라고 했습니다. 
<br>빠니보틀(유명 여행 유튜버)이 말하길 한국인들이 영어를 못하는 이유가 영어 배우는 사람에게 되게 지적질 하고 간섭해서 주눅들게 한데요. &quot;그게 무슨 영어냐? &quot; &quot;영어 발음이 그게 뭐냐?&quot; &quot;어디서 한국인 이라고 하지 마라! 창피하다&quot; 이런식으로 지적하니까 말을 내뱃지 못하고 영어가 늘지 않는데요. 100% 유창하게 영어 잘하는 사람만 우러러 보고 그 이하는 되게 창피 주고 모멸감 주고 짓밟는 한국 문화!!!!!!!!!
<br>  한국에서 유학한 몽골인이 한국인들로 부터 &quot;성형해라&quot; &quot;쌍커플 수술해라&quot; &quot;다이어트해라&quot; ... 간섭이 엄청 심하고 자존감 떨어지게 했는데
<br>미국에서 유학할때 미국인들은 칭찬 일색 이더랍니다.
<br>조선시대 외국인 선교사가 쓴 글에 &quot;조선인은 남의 일에 간섭이 심하다&quot; 라고 했습니다.
<br>한국에 대한 문제점을 말하면 &quot;그렇게 불만이면 너가 이민 가라&quot; &quot;너는 어느 나라 사람이냐?!&quot; &quot;너가 게을러서 그렇다 . 더 노력 해라&quot; &quot;너나 잘 해라&quot;.... 전부다 개인탓만 하는 사이코패스적인 사회!!!!
<br>복지가 부족해서 고통받는 사람 많다고  말 하면 &quot;너는 빨갱이냐?&quot; &quot;그럼 북한으로 가라!&quot; &quot;그런말 하지 말고 너 재산으로 도와 주면 되잖아!&quot; &quot;여기서 이런말 하지 말고 국회의원 선거 나가라!&quot; 이렇게 말하는 놈들 천지임. 진짜~!!!
<br>부모의 간섭이 매우매우 심한 한국!!!!!!!!!!!!!!!!!!!!!!!!!! 그러니까 부모도 자식도 서로 얶매여서 불행하게  사는 한국!
<br>주변에 노처녀 , 노총각들 엄청 많고 이들의 얘기 들어보면 최소 1번 이상 결혼할 기회 있었지만 부모나 이성의 부모가 반대해서 결국 결혼 못하고 노처녀 , 노총각 된 사람들 진짜 숱하게 봤습니다. !!!
<br>최근 5년간 가족간 칼부림 50% 증가!!!!! 부모는 자식이 부모 뜻대로 안따라 준다고 , 자식은 부모가 남들처럼 지원 안해준다고 칼부림 급증!!!!!! 
<br>힘들어 지면 핏줄을 한운명체로 보고 가족 살해(동반 자살)가 매우 흔한 나라. !!!! 
<br>제사로 핏줄 연결을 끊임 없이 각인 시키는 나라. !!!
<br>진보 , 보수 할것 없이 핏줄 퍼주기에 혈안이 된 나라.!!!
<br>고등학생들에게 콘돔 사용법 성교육하자 학부모가 항의해서 그런 성교육은 취소됨. 
<br>이이 , 신사임당 같이 핏줄 이기주의 자들이 지폐에 새겨져 있고 독립운동한 사람은 지폐에 하나도 없는 나라. !!! 
<br>19년간 자살율 세계 1위 인데도 남이 죽든말든 , 남이 고통 있든말든 매일 국뽕 먹고 &quot;오~ 필승 코리아&quot; 만 외치는 나라!!
<br>매년 국적 포기자가 한국은 2만명 정도 , 인구 2.5배 많은 일본은 3천명 정도 . 일본 보다 16배 국적 포기자 많은 한국.
<br>소멸 국가 세계 1위.",0,1 star,NEGATIVE,0,
각자도생만렙에 세금쓰면 죽는줄아는 마인드로 한평생살아가니 노후가 좋을리가 있나~그리스는 공적연금으로 어려워진게 아님,0,1 star,POSITIVE,0,
"이러니 출산율이 낮을 수밖에. 자기 한 몸 건사하며 노후 준비 제대로 하기도 벅찹니다. 공무원 아니면 50대까지 일하기도 쉽지 않은데,  수명은 늘어 80-90대까지 사니…",5,3 stars,POSITIVE,0,
귀족노조는 제외시키자   특권을 연장하려는 집단이기주의다 <br>국민적 공감대가 전혀 형성되지 않는다,0,1 star,POSITIVE,0,
늙은것들이 정치에서 손을 떼야<br>늙은것들도 잘살고 젊은이들도 잘산다.,0,1 star,POSITIVE,1,
한국이란 나라가 선진국애 이르기는 다 노인들이 해낸거다. 노인 무시하지마라..,0,1 star,POSITIVE,0,
30대 미혼인 나의 노년이 너무 두렵다...주변에 아무도 없을텐데..내 노년 돌봐줄려고 애낳기도 싫고,5,2 stars,NEGATIVE,0,
"자식도 본인 앞가림 하기 벅찬데, 뭘 바람?",4,1 star,NEGATIVE,1,
무슨말을 하는건지 <br>나는65세다 그래도 노령연금70부데 줘야한다고 강조하는 사람이다 아직도 젊은데 어딜가든 노인취급 받는것이 싫다 요즘 젊은사람들은 노인세대의 어르신들 마냥살라고 하면 다들 기겁을 할거다<br>짜장면500원도 아까워<br>서 못먹었다 지금7000원 근데 그돈 우습지 않어 젊은사람들 그러고<br>노후대비 타령할것가요,1,1 star,NEGATIVE,1,
"@@user-gq3ho8ck6p젊은사람들도 짜장면 7000원 우습다고 안 합니다. 아낀답시고 먹어야 할 때 못 먹고 해야할 때 못하면, 삶이 피폐해지고 살아갈 에너지는 갈 수록 고갈됩니다. 10년 20년 뒤 짜장면 값은 더 올라 있고 그 때도 아무것도 못합니다. 짜장면 한 그릇 비싸보이겠지만 혼자 정상적으로 영양 꽉 채워 식사하려면 마트장보는게 더 비쌉니다. 마트 물가가 싸기라도 한가요. 젊은이들 탓할게 아닙니다. 현실을 있는 그대로 봐야지요.",0,1 star,NEGATIVE,1,
청년들 결혼도 못하고 돈이 없어서 애들도 않나는 시국에 노인들 걱정하고 자빠졌네.  <br>방송국 폐쇄시키자,2,1 star,POSITIVE,1,
낳지마라 머저리들아,0,3 stars,POSITIVE,0,
100년전만해도  평균수명 60세도 안됬는데  지금은 80-90세임  누가책임짐??,0,1 star,POSITIVE,0,
인간이 쓸때없이 오래살아도  재앙이다,0,2 stars,POSITIVE,1,
"이미 노년이 된 세대들은  그렇게 살았으니  어쩔수 없지만,<br>지금 중년들은  지금의 노년들처럼 살면 않됩니다.<br>대한민국의 노년들이 힘든건 결국 자식뒷바라지 하는라 암것도 준비를<br>못한겁니다.  지금 대한민국의 50대 60대들은 샌드위치 세대하고들 하죠?<br>나는 부모 보살피고 봉양했는데, 내자식들한테는 기댈수없는 현실,<br>내 자식한테 하는거 십분의 일만 부모한테 해도 효자효부 소리 듣는다고 하잖아요.<br>성인이 된  자식을 버릴수 있는 용기를 가져야 합니다. 5060 세대들은  공부만 <br>시켜줘도 부모들의 역할을 다했다고 생각하는 세대들인데 지금 2030 세대들은<br>결혼 시켜주고 독립시켜주는게  부모의 역할이라고 생각합니다.<br>그렇게 해서 그 자식이 노후를 책임져 줄수 있다면 모르겟지만,  돈없는 부모는 자식들한테도<br>버림 받습니다.성인이 된 자식들과는 금전적인 연을 끊고 사는것이 남은 노후를 행복하게 보내는겁니다.",0,2 stars,NEGATIVE,0,
노인 전체를 볼때 서구 선진국에 비하면 쪼금 주니까.노후에 돈 없는 노인은 그야말로 당연히 거지 취급 당하겠지요.그래서 뭐다.노인이라고 다 같은 노인이 아니다.빈인빈 구조니까.악착같이 모아서ㅋㅋㅋ누구들 처럼 해외 여행에 매일 즐기며 살자.노인이 되면 할일도 없고 시간이 남아 돌고 찾지도 않으니 이때 즐기면서 행복한 노년을 보내야지.,0,2 stars,POSITIVE,1,
도둑놈에 정치인들이 많을 수록 나라는 퇴보될 뿐이다.<br>하물며 우두머린란 자리에 앉은 자도 혈세만 충내고 있는것틀~~~ㅉㅉㅉ,0,1 star,POSITIVE,0,
너 아니어도 일할 사람 많다기에 너 아니면 일할 사람이 없게 만드는 중입니다.,0,3 stars,POSITIVE,0,
2찍했으면 격어야지,0,2 stars,NEGATIVE,1,
국회의원 급여 반으로 삭감해라.<br>연금도 당연히 줄이고,3,2 stars,POSITIVE,0,
월 500만원이상이 49% 생각보다 높네요.,1,2 stars,POSITIVE,0,
국민연금에 공적연금 투입하면 영양가가 없으니 티도 안ㅇ나고,0,1 star,POSITIVE,0,
나라 행정이 이지랄 인데 무슨 기대를 하겠냐,1,1 star,POSITIVE,0,
투표 잘해서 그렇지,0,3 stars,POSITIVE,1,
꽃길만 걷자며 사기당했던 좃불국민<br>그 댓가는 평생 핵빚더미를 짊어지는것<br>좃불 5년으로 불행한 미래<br>방향성은 정해졌다,0,1 star,NEGATIVE,0,
자식공부에 올인하지말고 노후준비 미리미리 하시오,0,1 star,POSITIVE,1,
그동안 낸연금 다 돌려줘라 ㅅㅂㄹㅇ<br>각자 알아서 노후준비하자,0,5 stars,POSITIVE,0,
친절한경제 항상 잘보고 있어요?,8,1 star,POSITIVE,0,
먹고 살기 힘든 나라 한국. 젊어서 달라 벌어들여도 노년되니 찬밥이다.,0,5 stars,POSITIVE,0,
이걸 결과라고 내놨니<br>정치하는거 봐라<br>불행이 뻔한거 안봐도 알지,0,1 star,POSITIVE,0,
아직도 입으로만 민생민생하는 정치인들을 맹종할것인지,0,1 star,POSITIVE,0,
국회의원되면 해외연수 골프 치는거아님?,0,1 star,NEGATIVE,0,
죽을때까지 일해야 사는 나라,4,5 stars,POSITIVE,0,
그래도 남자보다 여자가 살기낫다 여자는 늙어도 어디 빌붙던지 빨대꼽던지 되지만 늙엇는데 돈없는 남자는 진짜 암울하다 해줄만한 조언조차 없다,0,2 stars,POSITIVE,1,
대한민국은 더럽게 미개하네.<br>국민의식수준도 하바리급이고.<br>중도층은 우둔하고 보수층은 아둔하고.,0,1 star,POSITIVE,0,
진보는 안그럴거 같냐,0,3 stars,POSITIVE,0,
@@user-sd8fe8ij7l 넌 보수꼴통 꼬붕이어서 그럴 거 같지.   가스라이팅에서 벗어나야지.,0,3 stars,NEGATIVE,0,
극소수 기득권집단들을 죽여야 전국민이 산다,0,1 star,POSITIVE,0,
나쁜거는 다 1등 자살률. 저출산 노인빈곤. 정치적 부정부패.,0,1 star,POSITIVE,0,
"노년뿐이겠습니까.<br>우리나라는 다른 나라보다 살기 편리하고<br>발전한다고 하지만<br>사실상 퇴보하고 있습니다.<br>정의실현 보다 부당함과 불의를 끊임없이 참으며<br>무력감을 느껴야 하는 사회가 되었고<br>노력을 일궈내는 세상보다 가진 사람들의 더더더 배채우기 쉬운 세상입니다.<br><br>사랑보다 비난이 더 쉽고,<br>인정보다 무시와 비교가 더 익숙합니다.<br>의식수준은 높아졌어도 개인주의가 더 심해지고<br>정보다는 이것저것 따지기 바쁜 사회가 되었습니다.<br>기술이 발전하고 편리해지는데도<br>여유는 더 없어져가며 <br>그 사람과 삶의 의미와 가치를 묻기보다 먹고 사는것과 보여주는 것에만 급급해 쫓기듯 살며,<br>유튜브의 재밌는 영상을 보며 순간적 위로는 얻지만 실상 마음은 다들 병들고 있습니다..",8,2 stars,NEGATIVE,0,
"국민 연금은 빨리 없애야 한다. <br>젊은 사람이 왜 노인의 먹여 살려야 하냐? <br>미국 401K제도처럼 미국 S&amp;P500에 퇴직금을 적립하고, 나중에 퇴직하면 그 퇴직금으로 먹고 살게 하면 된다. <br>국민 연금은 빨리 없애야 한다.",2,1 star,NEGATIVE,1,
세금은 다어디간거죠? ㅋㅋㅋ,0,1 star,POSITIVE,0,
쿠테타 한번가자. 싹다 엎어놓자,0,1 star,NEGATIVE,0,
한 60 쯤 넘어가서 적적하면 안락사 합법인 나라 알아봐야지 뭐,1,1 star,POSITIVE,1,
고교자퇴내고 알바하면서 금이나 사서 모았으면 30대 편하게 사는데 개흙수저가 고교대학 나와 30넘어 신불자 개백수 천지임 ㅎ,1,1 star,POSITIVE,0,
연세 많으신 분들 박스 주으시고 그런 것 봤을 때 OECD 보다 훨씬 더 열악한 것은 안봐도 뻔하죠.......,8,2 stars,POSITIVE,0,
그놈의 oecd  ..  국회의원세비 및 혜택 권한이 세계 2위더라 이런건 모른척하지????,2,1 star,NEGATIVE,0,
EXIT KOREA 밖에 답이 안나오는거 같아요..,0,2 stars,NEGATIVE,0,
내 노후가 이렇게 미래가 없는데 애를 낳으라고..? 답없는 노후를 위해서 노후에 투자한다..,0,1 star,NEGATIVE,0,
평생 일만 하다가 죽어야되는 잣같은  대한민국~,1,5 stars,POSITIVE,0,
"세금 카르텔인 검찰을 외국용병에게 대체해라.<br>한국 검찰은 떡 상납 받고 특활비 도적질하고, 대통령도 세금 빼먹던 도적인데 말 다했다.<br>원칙과 법에 따라서 법을 집행하지 않는 개떡검 잡것들 모두 잡아 태워야 나라가 산다.",0,1 star,NEGATIVE,0,
아니 저출산문제 해결한다면   이딴 쓰잘땤없는데 노인복지 늘리자고 하나?<br>이런쓰잘떼기없는데 내가 낸 세금이 쓰인다니   탈세하는사람들 심정이 이해가 가네 아니 한국늙은것들은 열심히 안살았으니 가난한건 당연한거아니가  이걸왜 국민혈세로 낭비해야하는데?<br><br>세금안내는 시체썩은냄새나는 틀니딱딱이들한태 국민혈세로 낭비하니까 저출산문제가 생기지 인권차별정인  국가혈세 파탄내는 노인복지 전부폐지하라!!!국민연금   의무강제 납부폐지하라!!!!!!!!,1,1 star,POSITIVE,1,
그들이 만든 세상 결국 젊은 세대들에게도 되물림 되고 본인들에게도 되돌아가고,2,5 stars,POSITIVE,1,
이렇게 망해가는거라고<br>이 개조선은 ㅎㅎ,0,1 star,POSITIVE,0,
직이네 직이는데...뭐어떻케해야 그렇게 안될까?...,0,2 stars,NEGATIVE,0,
대한민국은 글러먹엇다.,0,1 star,POSITIVE,0,
"도대체가 안불행한 세대가 없냐 이나라는,,,,",4,1 star,POSITIVE,0,
"것도 1등이야?<br>할간 뭐든지 1등을 안하면 좀이 쑤시는 나라, 위대한 대한민국..<br>있는것들이 법을 만들고, 있는것들이 시스템을 만든다. 결국 있는것들이 없는것들을 지배하고 다스린다.<br>이 시스템에 반기를 들어봐라",0,1 star,NEGATIVE,0,
노후준비는 국민연금이 아니라 애를않낳는게 노후준비입니다,0,1 star,POSITIVE,1,
농경시대가 와야 애를 많이 낳을 듯.,0,3 stars,POSITIVE,0,
누구는 장년에도 수입은수입은 사람들이 알 수없는 금액인데,0,1 star,POSITIVE,1,
그래도 노안은 국짐당 ㅋㅋ 가난해지건 말건 그냥 국짐.,1,1 star,POSITIVE,1,
경찰이 병신이고 국민 죽이는 나라에 다 잃고 나면 노인이네,0,1 star,POSITIVE,0,
세금 도둑 잡아내고 단속만 해도 지금보다 나아진다.,2,3 stars,POSITIVE,0,
그니까 다들 돈에 미쳐서 아득바득 사기치고 다니지 ㅎㅎ,0,1 star,POSITIVE,0,
나라에 도둑 새끼들이 많아서.... 세금 낭비하는데.......<br>노인한데나.... 청년한데 쓸돈이 어딨누~~~~~~,0,1 star,POSITIVE,0,
도둑놈들이 많아서 그래요,0,3 stars,POSITIVE,0,
이대남들은 더 힘들어져야함 좋아하는 자본주의 실컷 누리게,0,5 stars,POSITIVE,0,
한국은 겉으로는 덩치를 많이키웠지만 내실이 부족함..미국이나 유럽 선진국들은 세금이 어마어마하다..그래서 연봉1억받는사람들도 진짜 빠듯하게 사는데 이나라는 상대적으로 같은연봉의 선진국 사람들보다 여유롭게 살 수있음..아무튼 은퇴전에는 그래도 나름 떵떵거리며 살 수있지만 은퇴후엔 복지차이에서 갈린다..복지가 좋아야 진짜 선진국,2,2 stars,POSITIVE,0,
하지만 노년에 윤통님 지지하지,0,2 stars,POSITIVE,1,
일하지 않는 세대가 가장 위험한거다. 사회기피 세대는 더욱 결혼 하기 어렵고 결국 출산율은 더 떨어지지. 노년이 힘든건 자식들 때문이고. 결국은 부모들이 자식들 사회성을 버려 놓은거다. 그리고 그 결과는 부모들 몫이고.  도시에서 살면 적게 놓고 자연적 환경에서 자식을 많이 낳는다. 물질만능에 도심은 행복도가 떨어지는거라고.,0,2 stars,POSITIVE,1,
이건 모 시작이지~~<br>이젠 1~20년 후면 아파서 병원 못가 죽는다~<br>미국처럼~<br>우리가 연금 재정 투입  나랏돈 ㅋ 우리랑  선진국 비교하는게 웃긴거지 모지리들,0,1 star,POSITIVE,0,
현실적으로 걍 안락사를 도입하는게 맞다,0,5 stars,POSITIVE,1,
인도적으로라도 갈수 있게 편안하게 죽을수 있는걸 개발해주세요,8,5 stars,POSITIVE,0,ㅣ;ㅣ;ㅣ
노인 빈곤문제를 소홀해서는 안되지만 노인빈곤에 나라힘을 집중해서야 나라의 희망이 있을까?  젊은이들이 희망을 가져야 나라의 희망이 있지 않을까?,0,2 stars,NEGATIVE,0,
잘생각해봐 저런거 보면<br>결혼해서 자녀 낳아 헌신해도<br>6개월 이상 앓아야 되는 질병 걸리면 <br>내가 낳은 자식들이 내앞에서 싸우고<br>죽기전에도 부모를 안보는게 조선것들이라는거야<br><br>그냥 혼자 사는게 맞아 주어진 내 부모에게도 최선을 못하는데 누구 가정을 책임지냐,0,1 star,NEGATIVE,0,
연금을 가지고 불리지 못하고 쓰기만 하는게 가장 큰문제 입니다.<br>매달 꾸준히 들어오는 연금을 관리하지 못하는 공단에 무능함이 결국 노년의 국민에게 돌아오는거죠.,8,1 star,POSITIVE,0,
부모덕 없다고 노력해서 돈벌어도 지방서 살무 여잔 월 200도채 안되고 돈많은남자 못만남 사는것두 힘들다.<br>근데 그남자가 여자1명만보겟나? 외도로 속끓인다. ㅜㅜ 여자인생 참딱하지안나,0,1 star,POSITIVE,0,
나라에 돈이 없는게 아니라 도둑놈들이 너무 많다 <br>그리고 쪼꼬만 나라에서 뭔 지자체냐  ? 지자체에 들어가는 수십 억의 돈을 노인 복지에 좀 써라,2,1 star,NEGATIVE,0,
걍 대한민국은 아래부터 위까지 썩지않은데가 없다 <br>다 누구하나 해처먹기바쁘고 처벌수준도 약하니 그냥 한탕땡기고 깜빵가는게 훨나은 국가에서 누가 힘이나서 일하겠으며 동기부여가 될까,3,1 star,NEGATIVE,0,
없는살림에.있는척 살라니.나이묵고 돈이.없음. 가계부채가 세계최고인 이유.,0,1 star,POSITIVE,0,
노후는 개인이 알아서 해야지 무슨 나라가 책임지냐고 자기가 한만큼 노후대첵을 세우는거지 <br>낸돈이나줘~~~받는날 따져보니 휴 아직도 멀었네;;;;;,0,1 star,POSITIVE,1,
노인들 하나도 안불쌍함.<br>대한민국 근현대에서 가장 꿀빨던 시기에 온갖 꿀을 처 빨면서 해놓은 짓이라고는<br>IMF 및 온갖 안좋은 악습과 악법들을 만든어 놓은 ㅈ같은 세대가 현재의 노인세대들임.<br>심지어 지금도 저 ㅈ같은 세대의 투표권으로 인해 현재 진행형으로 젊은 세대들이 고통받고 있음.,1,2 stars,NEGATIVE,1,
노인빈곤률 OECD 1위 국가....  폐지를 주울지언정 그렇게 푸대접을 당해도  2찍의 끈을 끊지 못하는  노인네들을 보면 참 아이러니하지,2,1 star,POSITIVE,1,
그냥 80세 이상 모든 노인들은 본인들이 원하면 안락사 허용해라,3,1 star,POSITIVE,1,
그래도 한국인은 GDP 에 대부분을 아파트에 투자,0,3 stars,POSITIVE,0,
소한민국 자연소멸 파이팅^^,0,1 star,POSITIVE,0,
이러고도 더참으라고.!,0,3 stars,POSITIVE,0,
그럼 그게 국가 운명이지 뭘 고민을 하냐,0,1 star,POSITIVE,0,
가난한 자들이 재벌과 부자를 먼저 생각하는 이상한 나라!,2,5 stars,POSITIVE,1,
일본과 중국 사이에는 70년넘게 남북이 분된되있는 두 곳의 지옥이있습니다..,0,1 star,POSITIVE,0,
"청소년기 : 입시지옥<br>청년기 : 취업관문 지옥, 야근지옥, 부동산 폭등지옥<br>중장년기 : 야근지옥, 직장유지불안 지옥, 가족부양지옥, 사교육 지옥, 부동산 폭등지옥<br>노년기 : 생계지옥, 건강지옥, 부동산 폭등지옥<br> <br>천국은 읎네…",0,1 star,POSITIVE,0,
지금 젊은사람들...지옥은 노년부터 시작....,1,5 stars,POSITIVE,0,
벌었던 돈들은 죄다 부동산에 박혀있고 자식 교육비는 질질세고 노후준비가 될리가 없지 넉넉하지않고 행복하지않은 노년의 근본원인은 연금이 아니지,2,1 star,POSITIVE,1,
얼른 안락사가 전면 허용되기를 바랍니다,5,1 star,POSITIVE,1,
청년도 힘들고 고령도 힘들고 진짜 지옥불반도네,2,5 stars,POSITIVE,0,
연명치료 없애야합니다,4,1 star,POSITIVE,1,
70세까진일해도<br>에휴 30년을어찌살까여<br>주택연금<br>국민연금 그거합쳐도 2백안될듯<br>ㅡㅠ,1,1 star,NEGATIVE,1,
1인당300은받게 만들어나야 살만하죠<br>저축해서 10억은만들어나야합니다,0,1 star,NEGATIVE,0,
중복으로주는거 깍지마쇼,0,2 stars,POSITIVE,0,
조선인은 뭉치면 고통만 낳을뿐,0,2 stars,POSITIVE,1,
남들처럼 황새 가랑이 찢어질필요가없다. <br>모든유혹과 누더기를 뿌리치면그만,0,1 star,POSITIVE,1,
안락사가 최고의 노후 보장,0,5 stars,POSITIVE,1,
직장정년을 폐지하고 개인별 건강상황에 따라 근무할수 있도록 해야한다!,1,5 stars,POSITIVE,0,
말년에는 돈걱정없이 재밋게 사셔야하는데~ 안타깝습니다 .,0,2 stars,POSITIVE,0,
"윤성열이가 이런 사실을 알란가? 그럼에도 노년층은 성열를 지지하니, 스스로 무덤을 파고 있다.",0,1 star,POSITIVE,1,
그놈의 전망전망,0,5 stars,POSITIVE,0,
부동산으로 다 들어가버렸어 ㅡㅡㅡ,0,1 star,POSITIVE,0,
국개들 혜택은 1위 ㅋ,0,5 stars,POSITIVE,0,
이런 사회에서 얘도 적게 낳고 연금은 더 많이 내라고 거지 같은 제도 만들겠다고 하고 있고...그런데 우리는 정부가 나라에서 돈 들이기 싫다는것이 목적이다.<br>공무원 고갈은 숨기면서..이 따위 짓을 하고 있는것이다.,0,1 star,POSITIVE,0,
결국 공적연금 파행은 정부의 태만 때문인건가??? 제대로 해라!!! 이 ㅅㅅ들아!!!??????,2,1 star,POSITIVE,0,
인스타보면 다들 잘먹고 잘살던데..,0,1 star,POSITIVE,0,
아우 그럼<br>뭐든지 한국은 1등해야되 자의든  아니든<br>필요한건 꼴찌하지. 그게 지금의 한국이야.,0,1 star,NEGATIVE,0,
그니가 고령화가 심하고 가난하고 늙으면 살기 힘들잖아? 딱 80살까지만 살고 안락사 법 도입좀 하자<br>대한민국 나라가 어쩌다가 노인네냄새가 이렇게 나냐,0,1 star,POSITIVE,1,
지금 이 상황을 타개하려면 586정치인들 모조리  사형해야한다 그러면  대한민국은 엄청나게  성장할 것이다,0,3 stars,POSITIVE,0,
"노인도 청년도 청소년도 모두가 힘든 국가. 누가 행복한거냐, 재벌이냐",2,1 star,POSITIVE,0,
빨리 가면 되겠구만 <br>언넝들 가,0,1 star,POSITIVE,1,
물가와 집값이 급등하고 상대적으로 월급은 그렇게 오르지 못해서 삶의 질이 떨어진 상태인데 국민연금 징수액을 지금 높인다고?,0,2 stars,POSITIVE,0,
세금은 세금대로 때가고 그돈으로 뻘짓이나 하고 연금가지고 나중에 안주려고 노력하고 ㅋㅋㅋ 이런나라에서 결혼 출산 미쳤냐? 개한민국아?,0,1 star,POSITIVE,0,
도대체 왜 잼버리나 여가부 새만금같은 개 ㅈ 같은 데 돈이 나가는거죠. 나라의 도둑놈들이 너무많은것아닌가요,0,1 star,POSITIVE,0,
"평생 박봉 판사 월급 모아서 72억이나 불린 분이 대법원장도 되신다는데, 가난한 건 다 우리 탓이지요. 
<br>그나마 윤석렬 대통령이 정의로운 사회 만들어 주신 덕에 이 정도니, 다음에도 국짐 찍어서 대통령에게 힘을 보태야지요.
<br>혹시 아나요. 우리도 훨씬 노인 복지 잘된다는 일본 국민 만들어 주실지? 요즘 일본에게 하는 것 봐서는 곧 될 지도 몰라요. 
<br>그럼 얼마나 좋을까요?  총선에서 꼭 국짐을 또 찍읍시다~~ (혹시 사전 선거운동 한다고 민주당이 고발하면 좀 도와주세요)",0,1 star,NEGATIVE,1,
알았으니까 안락사 무료로 합법화 해줘 섭종가쟈 좀,1,1 star,POSITIVE,1,
국짐당에선 복지 늘이면 빨갱이 라고 하고 국민들도 이를 적극 찬성하고있다. <br>국짐당 지지율이 어느 연령대에서 제일 높은지 보면.... 노년층의 복지빈곤은 자.업.자.득 인 셈.,0,1 star,NEGATIVE,1,
노인 복지 든든하게 해주라 좀 늙어서도 바깥의 문제들 때문에 괴로우면 어떡하노,1,3 stars,NEGATIVE,0,
한국은 비정규직 계약직 일용직 알바 임금을 너무 후려 친다 기업 위한 이 악질법 부터 없애 든지 임금을 좀 더 올려 주던지 물가를 잡아 주던지 외노자들 밀어 내던지 직장인들도 아이 낳고 문화 생활도 즐기면서 집도 사고 뭐 생활이 되게 만들어 주고 결혼 해라 출산 해라 입을 털어야지,1,1 star,POSITIVE,0,
조만간한국 사라지것네,0,1 star,POSITIVE,0,
자식 낳아 뒷바라지하느라 노인되니 가난하다는데 누가 애를 낳겠어요. 뇌가 있으며 혼자살지.,0,1 star,POSITIVE,0,
어릴땐 공부나 쳐해라는 소리만 듣고 살아오다가 젊을땐 일이나 쳐해라는 소리만 듣고살다가 늙어서는 잠이나 쳐자라라는 소리만 듣다 가는 인생,8,4 stars,POSITIVE,0,
결혼하면 저게 니 미래모습임 ㅋㅋㅋㅋ,0,5 stars,POSITIVE,1,
나라는 돈없고 국민들은<br>빚더미고 또 기업들 뜯어야하나?,0,1 star,NEGATIVE,0,
나도 늙어서 이렇게 안될꺼란 보장은 없다 생각하니 참 복잡미묘한 감정이 드네요... 풀어야할 숙제지만 평생을 풀수 없는 문제네요..,33,1 star,POSITIVE,0,
정치인들이 뜯어가기 바쁜데 누굴 챙기냐,0,2 stars,POSITIVE,0,
도대체 가난한 노인들은 왜 가난한건데?  저때는 다같이 가난해서 열심히만 하면 개천에서 용나던 시절아냐? 지금처럼 출발점이 다른 세대도 아닌데 뒤쳐진건 본인탓이지,0,1 star,POSITIVE,1,
"진짜 세금으로 헛짓거리 예산에 끌어쓰지 않고 복지나 연금, 사회적 약자에 제대로 쓰기만 해도 나라가 정말 살기 좋아질거다.<br>늘 그렇지만 나라에 돈이 없는게 아님. 도둑놈들이 너무 많아서 문제지.<br>왜 사기, 횡령에 법이 ㅈ밥같겠음? 다 구멍 만들어 두는거지.",4,2 stars,NEGATIVE,0,
"롬<a href=""https://www.youtube.com/watch?v=G9vU30zC22E&amp;t=3m23s"">3:23</a><br>이는 모든 사람이 죄를 지었으므로<br>하나님의 영광에 이르지 못하다가.<br><br>롬<a href=""https://www.youtube.com/watch?v=G9vU30zC22E&amp;t=6m23s"">6:23</a><br>죄의 삯은 사망이요.<br><br>죄사함을 받지 못하면  불타는 지옥으로 떨어집니다. <br><br>주 예수 그리스도가<br>십자가에서 죽으시고 3일후에 부활하신<br>하나님 인것을  <br>마음을 다해서  믿으실때 모든 죄가 사라집니다.<br><br>딤전<a href=""https://www.youtube.com/watch?v=G9vU30zC22E&amp;t=3m16s"">3:16</a><br>경건의 신비는 논쟁의 여지없이 위대하도다. 하나님께서는 육신으로 나타나셨고 <br><br>롬10:9-10<br>네가 네 입으로 주 예수를 시인하고 또 하나님께서 그를 죽은 자들로부터 살리신 것을 네 마음에 믿으면 구원을 받으리라.<br>이는 사람이 마음으로 믿어 의에 이르고 입으로 고백하여 구원에 이르기 때문이라<br><br>엡2:8-9<br>너희가 믿음으로 말미암아 은혜로 구원을 받았으니 이것은 너희에게서 난 것이 아니요,?하나님의 선물이라.<br>행위에서 난 것이 아니니 아무도 자랑하지 못하게 하려 하심이라.<br><br>   &#39;&#39;",0,1 star,NEGATIVE,0,
아이.  때려죽여도 안나니깐 예산 노령쪽으로돌려,0,1 star,POSITIVE,0,
나는 미국인 백인 남자랑 결혼해서 아이 1명 낳을건데.. 아빠는 재벌가 엄마는 유명 CEO 집안,0,1 star,POSITIVE,0,
노인네들은 대접도 못 받으면서 투표 때는 무조건 무조건입니다.<br>나라에서 눈치보고 잘해줘야 할 이유가 하나도 없지요.<br>그냥 그렇게 무식하게  살다가 한 세대가 가야 나라가 바로 섭니다.,0,1 star,NEGATIVE,1,
대한민국은 국회의원 무보수 100명 지자체 비례대표 폐지가 하루빨리 되어야 세상이 바뀔것이다 좁은 땅덩어리의 대한민국에서 300명씩이나 왜 필요할까 미국도 대한민국의 국회의원에 해당되는 상원의원이 100명에 불과하다  지자체도 처음에는 무보수였지만 언제부턴가 억대연봉이다 몇년전에는 비례대표까지 만들어서 국민들의 혈세를 낭비하고 있다 심심하면 대통령만 탄핵을 외치는데 정작 탄핵은 국회의원들부터 되어야 한다 그들이 지난 수십년간 나라를 이꼴로 만들어 온 것이다 그 밑에는 고위공무원들 기득권세력들이 있는 것이다 왜냐하면 국회의원들의 대우와 혜택 권한들이 너무 좋고 막강하기 때문이다 지금도 서로 헐뜯고 싸우면서 권력다툼이나 하고 있지 않은가 여야의  부정부패와 비리는 별반차이가 없었다 그리고 대한민국에 언제부터 좌우파 보수 진보가 있었는가 정치인들이  만들어 낸 것이다 현재도 여야가 보수 진보라고 자칭하고 강성 지지층들도 그렇게 말하고 있는데 겪어보니 어땠는가 고스프레에 불과하다,0,1 star,NEGATIVE,0,
국민연금을 나랏돈으로 생각한다는 근거임.,0,4 stars,POSITIVE,0,
누가 이렇게 만들었을까??<br>백퍼 언론이다,0,1 star,NEGATIVE,0,
정년 연장 65세가 맞다.신체 나이가 10년 젊어졌다<br>하지만 현대차 정년 연장은 절대반대다,0,3 stars,POSITIVE,0,
세금 도둑질 해서 부귀영화를 누리는 놈들이 정치인들과 정당 사조직 쓰레기들이다. 알았으면 뽑아주지 말고 이름만 바꿔도 작살을 내 놔라. 악덕정계인사 데이터베이스를 구축하고 추적하여 정계에 얼씬도 못하게 해야한다.,0,5 stars,POSITIVE,0,
우리나라 망햇다고 경제학자가 판단하던데 ..예전부터 우리나란 자주 망해서 역사가 맨날 반복됨. 나라 거의 사라질수준으로 망하는것은 이번이 첨이라 걍 없어지는게 좋음,1,1 star,POSITIVE,0,
사회가 안돌아간다..<br>엉망진창이네 미래에 대한 정책이 안돼.<br>장기적인 계획이 없어. 지금의 좌파.우파 진영에서는 미래가 없다,0,1 star,POSITIVE,0,
좋은 직장은 정년 시기를 연장하면 안된다 그 사람들은 좋은 직장에서 충분히 노후 대비를 할 수 있는 기회를 제공 받았다 좋은 직장일 수록 하루 빨리 젊은이들이 들어갈 수 있는 기회를 줘야 한다,15,4 stars,POSITIVE,1,
자랑스러운 한국 자살률에 이어서 노인 가난도 1위를 차지하네요,0,5 stars,POSITIVE,0,
야 근데 정년퇴직하면 연금 받아야하는거 아니냐..   정년을 65로 하던지  연금을 60부터 주던지..,0,1 star,POSITIVE,0,
고려장의 나라 선순환 입니다<br>늙으면 죽어야지 이건 명언입니다,0,1 star,POSITIVE,1,
"국민연금은 주식에 투자해서 개박살나고있고 그 개박살난 돈을 국민들 돈으로 채우고,,,이게 미래가 보이나?",0,1 star,POSITIVE,0,
그리 살다 가는거죠<br>그것이 인생,1,5 stars,POSITIVE,0,
핀란드가 현실적이네 우리나라는 최소한 70세까지 일할 수 있는 사회를 만들어야된다 연금은 70세부터 받도록 해야지,1,1 star,POSITIVE,0,
한국은 항상 1위다,0,1 star,POSITIVE,0,
비참한 인생... 이러니 젊은 사람들이 무얼보고 희망을 가질까.. 미래가 없다고 봐야겠죠 무출산을 통한 소멸은 필연적이라고 봅니다,32,1 star,POSITIVE,0,
한국사람들은 안아끼고 할것 다하고 사는것 같고..오히려 미국 유럽 사람들은 절약 많이 하는듯,0,3 stars,POSITIVE,0,
하루빨리 싹정리해서 이민가는게 살길이다,0,1 star,POSITIVE,0,
S&amp;P500에다만 투자해도 120년 역사상 연평균 9%의 수익률인데 이를 복리로 하면 8년이면 기금의 2배가 되는데 기금증식을 못하는 이유를 모르겠다ㅠ,9,1 star,POSITIVE,1,
국민연금의 미국투자는 얼마되지 않았습니다. 거기에 미국 비중을 높일려면 국내 비중을 줄여야 하는데... 그걸 지금 누가 눌러서 막고 있져...,0,1 star,POSITIVE,0,
아 이런거 알려주지 말라고,1,1 star,POSITIVE,0,
슨피 적립식투자는 숨겨진 비밀이라구~~??<br>모르는 바보들이나 한국주식하지,0,1 star,POSITIVE,0,
국민연금공단 연봉이 얼마더라?,0,1 star,POSITIVE,0,
인간쓰레기들이 한국 재벌들 키워줫죠,0,1 star,POSITIVE,0,
이런데도 노인들한테 돈 너무 많이 들어간다고 한국의 젊은이들은 노인들을 경멸경외시한다. 조국건설에 뼈를 갉아넣고 지들 키우느라 노후자금 따우 쟁여놓을 생각조차 못했던 서글픈 한국의 현 노인들 ㅠ,0,1 star,POSITIVE,0,
이 중요한 시기에 돼지 한 마리가...,0,4 stars,POSITIVE,0,
젊을때 조금씩 꾸준히 준비해야지. 나라가 뭘 다 해준다고 생각하면 안되지,0,2 stars,POSITIVE,1,
결국 나라돈 안들이고 노인들 부양하고 있구먼 ㅋㅋ,0,1 star,POSITIVE,0,
나랏돈이 저 정도로 낮게 투입된다는 건 여야를 막론하고  정치인을 비롯한 <br>기득권층이 국민들을 어떻게 생각하는지가 극명하게 드러나는 일례일뿐<br>기득권들의 이기심이 우리나라만한 나라가 또 있을까?? <br>진짜 같이 살겠다는 생각을 전혀 안하는 듯,14,2 stars,NEGATIVE,0,
"진짜 우리나라 보면 노인분들이 갈수있는 인프라가 정말 적음.. 대부분 카페도 젊은이들 타겟이라 감성에만 치우쳐저 있고 쇼핑센터, 식당 등등도 마찬가지 대부분 젊은 커플을 위한 공간이 제일 많음 프랑스갔을때 놀랐던 점중 하나가 카페 테라스, 공원에 노인분들이 엄청 많았다는것 젊은이들과 거리낌없이 남녀노소 모두가 같이 놀수 있는 공간들이 많았음",58,2 stars,POSITIVE,0,
탑골공원가서 바둑 두는 것 밖에 없네...,2,1 star,POSITIVE,1,
노인을위한나라는없는거야 애송아,2,1 star,POSITIVE,1,
?@@user-zf7wg6qm2q없었는데요. 있었습니다. 노인의힘! 당원의힘! 경선 당선자 알져?,0,1 star,POSITIVE,0,
카페가 없는게 아니라 돈이 없어서 못가는거임,2,1 star,POSITIVE,1,
노인복지 중요하다,2,3 stars,POSITIVE,0,
너님들이 애 낳아서 청년들도 서럽고 힘들어 뒤지겠어요 이딴식으로 키울꺼면 누가 낳아달랬나요 저 나이까지 본인 노후 대책도 없으니 자식은 얼마나 잘 신경썼겠어요 벌받으세요,2,1 star,POSITIVE,1,
의료보험과 국민연금으로 이미 25%는 공적기금으로 쓰잖아요. 그거 빼고 계산하면 안되요,1,1 star,POSITIVE,0,
노인이 되어 돈 걱정 하느니 자식 안낳죠. 부유한 계층이 많이 낳아 국가 생산성 올려주세요,0,1 star,POSITIVE,0,
투표 잘못한 댓가는 치뤄야지 ..ㅋㅋ,0,1 star,POSITIVE,1,
"우리나라는 금융실명제를 무의미 있도록 하고 직접세를 낮추고 간접세를 높여서 수입이 낮은 사람들의 수입이 많은 자보다 더 많이 내는 구조이다. 대리가  50억 퇴직금을 받으면 최하 8~90%의 직접세를 내는 것이 타당하다.  미국에서는 누구라도 천만원이상 수입이 들어오면, 바로 국세청에 보고되어 조사가 시작된다.  우리나라는 대상자보고 힘없는 자부터 찾아낸다.  그러면서 어떻게 노인 대중을 위한 연금이 만들어질 수 있는가?  그러고도 열심히 엉뚱한데 투표하는 무지하면서 한심한 투표자들이다.  자기가 뿌린 것은 하루 하루의 고통으로 갚으며 반성해야 한다.  자본주의에서 세법이 만들어진 것은 돈이 돈을 벌게하므로, 한쪽으로 치중한 수입을 회수하여 국가 운영에 쓰며, 취약층을 지원하기 위한 것이다.  한국의 세법 제정자, 운영자, 법조인 모두 자기 이익을 기반으로 하는 세법을 만들고, 일하는 척한다.",1,1 star,POSITIVE,0,
돈좀 있다는 사람은 그렇다쳐도..<br>쥐뿔 뭐없는데 애낳는 사람들은 도대체 얼마나 어리석은 인간들이냐..<br>어릴땐 학업. 취업도 안돼.. 취업되도 집값갚다가 늙으면 연금받기도 쉽지않아.. 왜사냐.. <br>진짜 인생 고되다..,0,2 stars,NEGATIVE,1,
"나이 60세 중반입니다. 제 나이 친구들 경험으로 한정해서 제 개인 의견입니다.<br>4년제 대학 졸업 후, 정년까지 열심히 일한 친구들입니다. 그 중에, 자식 외국 유학 보내고 수년 간 돈 대준 친구들이<br>노후 보장이 안 되더군요. 부동산 과 주식 투자로 2-3번 날린 친구들도 지금 노후준비가 안 되었죠.<br>매월 조심씩 저축하고, 연금 가입해서 부은 친구들은 소박하게 노후준비 되어있지요.",25,4 stars,NEGATIVE,1,
어르신... 어른신 주변 자체가 &quot;어느정도 기반&quot;이 된 중산층 가정에서 태어나신거에요 ...<br><br>지금 답없다 젊은 분들은 <br>님 친구 처럼.. 자식을 유학 보낸것도 아니고 <br><br>부모도 집도 없는 사람들 자식입니다...<br>어르신은 조금 있으면 연금 타고 사회에 기여하면서 노후를 보내겠지만...<br><br>일단 60대가 중반이 4년제 대학에 정년 이야기하는 자체가 ... ;;;<br>중산층으로 성공한 인생??을 사신거임.<br><br>어르신 자식들도 시작부터 어느정도 기반이 된 상태로 스타트 하는겁니다....<br><br>생각보다 어르신 처럼 사신 어른신 많지 않아요 ..<br>어르신 주변이 어르신하고 레벨이 맞고 끼리끼리 생활하니까 모르는거지...;;,11,2 stars,NEGATIVE,0,
나라가 왜 망하고 사라지나 죽을 사람 살리고자 태어나는 사람의 에너지를 빼앗아 가는데 죽을사람 많이 살려라 태어날사람 있나,0,1 star,POSITIVE,1,
Oecd 자료도 수정해서 봐야지. 출산율 0.7명은 고려된거냐? 건강보험료도 준조세로 노인비용으로 들어가는거고. 이민도 유럽 미국에 비해 한국이 불리한데 어디에 생산가능인구가있어서 그 비용을 다댈까? 아마 2060년가면 gdp도 생각보다 낮아질 여지가 크니까 비율은 7프로대보다 훨씬 높아질거다. 정치인들이 oecd평균 언급하면서 복지예산 늘리려는것도 나중에가면 깎느라 힘들어빌듯. 노인표가 많아지니까.. 젊은이들 부자들 다떠날듯..,1,2 stars,NEGATIVE,0,
현세대가 미래 세대의 자산을 다 갉아먹고 있는데 암담하지 않을리가 있나?,1,2 stars,POSITIVE,0,
돈이 부족한게 아니라 줄줄새는 돈이 너무 많다. 실용적인 재정 계획을 세우길 바란다.,2,3 stars,POSITIVE,1,
허경영 대통령 세우자 그게 국민을 위한 유일한 미래다<br>33정책 최고!!,1,5 stars,POSITIVE,0,
자식들한테다빼돌리고.<br>기초연금받는노인들이많다<br>자식이재산많으면기초연금주지말아야됨,3,1 star,NEGATIVE,1,
의료보험에 다 때려박아서 그렇지 보험이 연금역할을 대신하는중,0,1 star,POSITIVE,0,
<b>저게 정책 자체가 기업위주 정책만 관심있고... 국민에 관한 정책은 관심 없음... 경제성장은 기업이 잘되야 나라가 크니까...</b>,0,2 stars,POSITIVE,0,
좋아  이대로  다 멸망으로 가자,0,4 stars,POSITIVE,0,
기념관    전시관    <br>시민단체   지방자치   유족위원회  등등   이런 곳에 재정 줄입시다,10,5 stars,POSITIVE,0,
어차피 나라 안 망해요. 개인 스스로 걱정하세요. 이미 2023년 국가정책 이민자 관련 정책예산 산더미처럼 준비되고 있음. 없으면 수입해 올 예정,0,1 star,POSITIVE,0,
"여가부 , LH 같은 도둑놈들 활개 못 치게 하면 가능하단다?",0,3 stars,NEGATIVE,0,
"일제강점기, 6.25 전쟁등 진짜 악재란 악재는 다 겪으면서 이 정도로 고도성장한 케이스가 세계적으로 없었지만... 그 이면은 무섭군요.. 급등 뒤엔 급락이라고 무한경쟁을 원동력으로 망해도 이상하지 않은 나라를 엄청나게 성장시켰지만 이제는 그 무한경쟁이 발목잡아 나라가 망하네 마네 수준까지 오네요.. 솔직히 해결책이 있을까 싶긴 합니다...",20,1 star,POSITIVE,0,
사실 없죠.... 거품 꺼지고 횡보만이 남겠죠,1,1 star,POSITIVE,0,
"고성장 뒤에 뼈를 깎는 노력과 트라우마가  뒷 배경임. 차라리 그냥 중등국가, 터키 칠레 이런 슬로우성장하는 나라가 오히려 트레디션과 어우러 가면서 ..스트레스도 덜함",0,2 stars,POSITIVE,0,
ㅎㅎ  우리나라는 안좋은거는  머든지   세계 1위 하네.   이런거도 1위하네.  대단한 대한민국이네,7,1 star,POSITIVE,0,
남의 이야기가 아니야 나포함 평범해 Mz들은 저출산이고 뭐고 돈 빠짝 모아라. 믿을건 내 돈뿐이다ㅇㅇ,0,1 star,POSITIVE,0,
부동산거품에 질식한 대한민국,0,5 stars,POSITIVE,0,
훌륭하신 역대 정치인 분들이 지들 정권 잡을 때마다 개혁 혁신 번영을 하셨다고 자화자찬 하셨고 해를 거듭할 수록 급여는 그대로 물가는 급상승... 뭘 바라나~ 1997년도 대졸 초봉 2천만원 안팎으로 사회생활 시작했는 데 2023년 현재 최저연봉으로 1800~2000 사이 직업이 많더라... 거의 30년이 자닣고 물가 상승율 따져보면 죽으라는 소리지....,6,1 star,POSITIVE,0,
전쟁은 모든걸 해결한다,0,5 stars,POSITIVE,0,
투표 잘못한 세대의 자업자득,0,1 star,POSITIVE,1,
기초연금 나이 올려서라도 다 주어야 사각지대가 없고 불만이 안생긴다. 부자는 세금으로 다시 환수,4,2 stars,POSITIVE,0,
압도적인 힘으로~~이 꼬라지에 결혼 출산 하라고~~너거들 노예들 만들어라 이말이냐?,0,1 star,POSITIVE,0,
그리스 처럼되진 말아야합니다.,0,1 star,POSITIVE,0,
세금 도둑질하는 새끼들만 없어지면 해결될일이다,0,1 star,POSITIVE,0,
여가부 폐지하면 되는데 왜안합니까,0,1 star,POSITIVE,0,
각자도생 !<br>본인의 인생은 스스로 준비해라.,0,5 stars,POSITIVE,1,
우리나라 관료는 많은편인가요? 세금은 이렇게 많이 걷어가는데 .. 왜이러는지,2,2 stars,NEGATIVE,0,
국회의원 월급 얼만지 보고오시고요 세금 전세계 비교해보세요 하위권이니,0,5 stars,POSITIVE,0,
어떻게  다  갖추냐...???<br>쓸데없는 소리를  방송하고  그랴~~<br><br>공적연금 안줘도  돼~<br>입으로  얼마나  처  들어간다고...<br><br>애들도 없구만,1,1 star,NEGATIVE,0,
안락사좀 허용해주면좋겠다  가고싶을때 고통없이 가고싶다ㅠ,6,1 star,POSITIVE,1,
한국 노인빈곤은 열명중 아홉명 이다 부동산과 대출빼면 모두 극빈층이니 부동산 망하면 다망하는 구조다,1,1 star,POSITIVE,0,
다른 나라는 이미 소득의 18%씩을 연금으로 내왔습니다. 그런데 586들은 지금까지 9%를 내왔으면서 다른 나라 처럼 연금을 받으려 하면 되나요?,1,1 star,NEGATIVE,1,
좌파 선동에 속지마라.. 입만 열면 복지 주장하면서 뒤로 부정부패 저지르고 나라 말아먹는 것들.. 특히 젊은이들은 명심해라.. 손가락 잘못놀려 자신들이 미래에 거지되는 길을 열지 마라<br>노인빈곤 이유는 자식들에게 너무많이 해주기 때문이다.. 사교육까지는 이해하는데 결혼하는데 왜 집을 사주냐? 미친 결혼문화 때문에 노인은 노후대비 못하고 결혼 출생은 바닥을 긴다,0,1 star,POSITIVE,0,
아니 근데 지들이 돈을 안모아놓고 왜 지금와서 한탄하는거야? 그래서 국민연금 더 달라고? 뭐 얼마나 내셨길래 더 달라고 하시는지?..젊은 세대들도 지금 본인들이 누리는 세금도 별로 안내고 받고 싶은것은 많은 본인들의 그 이상한 복지마인드 덕에 허리가 휘어갑니다. 없으면 없는대로 제발좀 살아가세요. 남 피해좀 주지 맙시다.,0,1 star,NEGATIVE,1,
국회의원수 줄이고 쓸모없는 시의원 구의원 없애라!,409,1 star,POSITIVE,0,
대통령 부터 없애는게 우선 아니야?,9,1 star,NEGATIVE,0,
절대 안 없어지지 기득권,6,1 star,POSITIVE,0,
ㄹㅇ 일못하는 국회의원들 우리 부모님 노령연금도 못받음...,7,1 star,POSITIVE,0,
용산대통년부터 없애라,1,1 star,POSITIVE,0,
"국회의원은 지금의 2배 늘리고,<br>그리고 세비 1/3 줄이고<br>보좌관도 당근...<br><br>지자체 기군구 지자체장과<br>시군구의 의원 없애라.<br><br>아까운 세금 다 날아간다.",4,1 star,NEGATIVE,0,
"공무원연금, 군인연금을 손보면 된다.",4,3 stars,POSITIVE,0,
"비혼, 결혼하더라도  애는 낳지 말아야 함.  아이에게 죄를 짓는 것이다.  한국은 사람 살 곳이 아니다.",0,1 star,POSITIVE,0,
"지금 너무 방만하게 사는 것 같아요. 영국보다, 독일보다 더 ...",1,3 stars,POSITIVE,0,
윤대똥은 뭘하고 계실까???<br>동상 하나놓고 온 나라 떠들고…..에라이 차라리 칼을 물고 ….캑,0,1 star,NEGATIVE,0,
영상좀 똑바로 봐..ㅋㅋㅋㅋㅋㅋ<br>17년 기준 21년까지 모은 데이터라자나 문정권때 아님?<br><br>  니가 그러니깐 민주당 찍는거지.. 어휴,0,1 star,NEGATIVE,0,
다들<br>뒤지는 거지<br>노예로 사는거다,0,1 star,POSITIVE,1,
스스로 2번 찍어대니 이렇게 사는게 당연,0,5 stars,POSITIVE,1,
뉴스 영상을 안보긴하는구나..<br>2017년 기준 21년까지 모은 데이터면<br>문재인 정권 아님?ㅋㅋ,0,1 star,POSITIVE,0,
똑 같다 정치인들 지 입신양명의 수단이다...,0,1 star,POSITIVE,0,
"이건 친일들이 보수꼴통정당을 장악해 전쟁이후 기득권시스템을 꾸준히 탄탄하게 구축을 해 왔기 때문이다.<br>친일들은 대기업과 기득권들이 더 윤택하게 살게끔 정책 제도를 구축해 왔다.<br>그 방법이 대출을 많이 해 줘 금융노예 만들기와 다주택자 세제지원,  대기업 많이 세제혜택을 주어 대기업 살리기 등 일부 계층과 기업을 국가차원에서 지원해 주어 다수의 중산층 선민층을 헐벗게 만드는 정책을 써왔다는 점이다.<br>여기에 가스라이팅된 대부분의 국민들은 부화뇌동하고 내삶이 좀먹고 있다는 것을 인지 못하는 것이다.<br>그래서 더 잘사는 계층과 사람들을 부러워하며 잘 안 되면 사건사고를 많이 일으나는 것이다.<br><br>이 순간에도 사채업자들이 고이율을 미끼로 대출해 주어 금융노예를 만들고 있으며, 일반 은행들도 자본가와 그렇지 않은자를 구분하여 금리로서 양극화를 만들고 있다는 것이다.<br>이 모든 것이 국민들이 우매하여 자각을 못하고 잠만 자고 있개 때문이다.",0,2 stars,POSITIVE,0,
"그래서 북한보다 잘 살고 있고,<br>민주당 지지율이 높은 전라도 지역은 이렇다할 인프라도 구축되지 않고, 인프라를 들이려하면 토착왜구는 안된당께롱 하면서 반대하는 안타까운 지역..",0,3 stars,POSITIVE,0,
@@user-uq2uz7dt6c 토착왜구 친일들이 모여사는 TK는 더욱 안 되겠죠.<br>TK가 사라질 운명인데도 공산당하면서 혈압 올리는 지역임.  그만그만하죠.  이젠 강원도도 TK처럼 변하고 있음.,0,1 star,NEGATIVE,0,
다 정상화 되는 과정인거임..  앞으로 20년 30년 정도 엄청 힘들테지만,0,3 stars,POSITIVE,0,
"평생 미친 집값에 대한 비용과 이자를 내야하니.. 쓸 돈이 있는가...?<br>백번을 양보해서 빚이 없다고해도 대부분은 집 하나만 있으면 노후 준비가 끝이라고 생각하여 집 하나에 목 메달았더니... 어라? 빚 없이 집은 있는데 생활비가 없네?<br>그렇게 집을 목숨걸고 사려고하니... 집값은 물가와 소득에 비해서 미친듯이 오르고... 그게 청년들이 평생 일해도 살 수 없는 가격을 형성시키면서.. 이들이 열심히 노력하면 집을 가지고 가정을 꾸릴 수 있다라는 희망을 짓밟으면서 미래에 대한 불확실성과 당장 경제난으로 결혼과 자녀에 대한 계획을 할 수 없는게 현실... 그러면서 인구는 전세계 역사에서 유례없는 저출산율 신기록을 매분기마다 갱신하며.. 미래 세대들이 노년층들을 부양해줘야하는데 이들 인구가 기하급수로 줄어드니 정부 예산은 정해져있고, 그렇다고 기축통화국도 아니니 국채 발행도 한계가 있고.. 결국 정해진 예산에 청년들을 살려야 훗날 부양하며 노년층도 살 수 있기에 어쩔 수 없이 청년들 살리기에 예산을 점점 청년층들에게 기울게 될 것이며, 그러면서 노년층 예산이 점점 더 줄어들 수 밖에 없을 겁니다.<br>부동산의 미친 가격이 대한민국을 죽였습니다.<br>부동산 가격이 정상가격으로 하락하고, 경착륙하면 망한다고 그러는데... 글쎄요? 손해 보는 사람이 몇명이나 될까요? 그 손해 보는 사람들 수십만명을 위해서 수천만명이 고통받아야 합니까? <br>그 극소수의 탐욕으로 본인들이 겪어야할 고통을 왜 죄없는 다수의 사람들이 고통을 분담해야 합니까?<br>대부분 유주택자들은 5년 이상 집을 가지고 있는데 그 사람들이 살때 5억쯤이였던게 최근에 15~20억이 되었다가 부동산이 정상가격으로 하락해서 7억이 된다고 그들이 손해입니까? 망합니까?<br>기분은 더럽더라도 망하지는 않습니다.<br>망하는 사람들은 투기꾼들이나 5년안에 무리한 빚을 내서 산 사람들이야 망하겠죠.<br>그리고 애초에 집을 산다는 자체는 조금이나마 투자 목적이 내포되어 있습니다. 집값이 내릴꺼 같으면 샀겠습니까? 가끔 본인들은 투자 목적으로 집을 사는게 아니라 안정적인 집을 원해서 산다.라고 하는데 글쎄요? 가슴에 손을 얹고 말해보세요. 본인이 산 집 가격이 내려갈거 같으면 샀을겁니까? 집을 산다는 자체가 극소수를 제외한 대부분은 조금이나마 투자 목적이 있습니다.<br>그렇기에 특히 무리하게 빚내서 산 사람들... 본인들 과도한 욕심으로 인과응보입니다. <br>극소수의 혜택을 위해 수천만명의 대한민국 국민들이 고통을 받는건 말이 되지 않으며 부동산은 무너져야만 합니다. 그래야 당장에는 고통스럽지만 대한민국이 살 수 있습니다.",3,2 stars,NEGATIVE,0,
이제와서 걱정하는 척하면 뭘하냐. 한국 한국 뿐. 어차피 소멸할 한국인데 이래 죽으나 저래 죽으나 마찬가지 소멸 소멸일뿐 나불나불대봐야 쓸모없는 대책이다.,0,1 star,POSITIVE,0,
이 나라는 빠르게 망해야 맞다,0,1 star,POSITIVE,0,
노년과 청년 갈라치기 하며<br>정치꾼들 표 계산으로 노년 홀대하는 국가,0,1 star,POSITIVE,0,
내 말년은 비참해도 우리나라 대기업이 잘되어야혀라고 생각하는 노년층,2,5 stars,POSITIVE,0,
지난 정권때 시민단체 지원하는 돈 너무 늘어났다. 헛돈 그만 쓰고 연금쪽으로 늘려야...길고양이 보호단체도 지원 받는다고...,0,2 stars,POSITIVE,0,
뒷세대 디지던말던 돈내놔 이건가?,0,1 star,NEGATIVE,0,
"연금으로 주식등 기업만 떠받쳐주는거 아닌가! 그런다 부족하면 개혁한다고 미루거나,..",0,1 star,POSITIVE,0,
무조건 많이준다고 좋은것만은 아니라고 봅니다.<br>그나라의 경제수준과 능력이 뒷바침이 중요하다고 생각됩니다.,1,3 stars,POSITIVE,0,
일본 오염수관련 정부대책에 세금 1조 5700억을 쓴다. 국민을 위한 나라가 맞나? 매국노들이 환생했나봄,0,1 star,POSITIVE,0,
너네같이 덜 떨어진 애들이 계속 난리치니깐.. 쓸때없는 곳에 세금을 들이는거지,0,2 stars,POSITIVE,0,
노오오력을 안해서 그럼 ㅋㅋ,0,3 stars,POSITIVE,1,
참전용사들 대우를 봐도 알수있지 ㅋㅋㅋ필요할때는 울부짖으면서 찾다가 쓸모없어지면 팽치는 개 같은 민족,0,3 stars,POSITIVE,0,
직원들 연봉이 몇 억씩 되는 재벌 대기업에 정부 예산을 다 퍼주니 가난한 국민들에겐 줄 돈이 없지,0,1 star,POSITIVE,0,
국민연금은 주인없는 눈먼 돈. 연금 손실로 책임지는 놈은 없고 관리도 개판이다. 국민연금 넣은 원금만 받아도 소원이 없다.,2,1 star,POSITIVE,0,
헬 조선 탈출하세요,0,1 star,POSITIVE,0,
"자식에게 몰빵하지마라 .<br> 늪은 자리, 좋은 일자리 란게 애초에 몇자리 없을수 밖에 없는데 거기 다몰려 목표를 정하니 당연 대부분 나가리지 ./<br> 적당한 욕심과 적당한 만족 이 최고고  결국 시간 지나고 나면 그런사람이 제일 행복하다",27,2 stars,NEGATIVE,0,
다들 메타인지 안되고 자기 자식들은 특별나다고 착각하는 부모가 문제~<br>남들따라 하니 가랑이  찢어지지,1,2 stars,POSITIVE,1,
안락사 허용시켜줘라. 갈때는 편하게 보내줘야지,0,1 star,POSITIVE,1,
"지자체를 폐기해라.<br>지자체장,시,군 의회에 투입된 예산 상상 이상으로 방대하다.이 예산으로 출산율 높이기와 노인 생활 안정자금으로 쓰자.<br>한국의 지자체는 민주주의 꽃이 아니라 가진 자들의 권력 나눠먹기다.",160,1 star,NEGATIVE,0,
지자제는.누가만들었나.없에라.시의원구의원.도의원.이쬐그만.나라에서,7,1 star,POSITIVE,0,
지자체폐지에한표,9,1 star,NEGATIVE,0,
"지방세는 감사도 안받는다는데요 ^^ 참고로 법인세, 소득세 등의 세금의 10프로는 지방소득세잖아요?",4,1 star,POSITIVE,0,
쓸데없이 동상같은거 세워서 돈빼먹지말고 청년 또는 노인들복지신경 좀 써주지,3,2 stars,POSITIVE,0,
선동 그만해라! 우리나라 안망한다!,0,5 stars,POSITIVE,0,
출산율에 연금 및 노인빈곤 문제 이 나라가 걱정되네요.,25,1 star,POSITIVE,0,
괜히 결혼해서 가장되가지고 자식들한테 돈다뺐기고 가난해졌나..??,2,2 stars,POSITIVE,1,
"다른 나라가 그렇게 많이 내는것만 보네. 그나라는 그렇게 내고 노년을 풍족하게 일 안하고 살게 해준다.. 우리는 더 내고 조금 줘서 노인되도 일해야는데, 어찌 내는 돈만 늘릴려고 하고 주는 돈은 증액 할 생각을 안하냐?",0,1 star,NEGATIVE,0,
훠훠훠 그둉완 돼환뮌국을 샤냥해주쇼쇼 괌솨홥뉘돠,0,1 star,NEGATIVE,0,
?? 국개의원 100명으로 줄이라  !!!,0,5 stars,POSITIVE,0,
이 나라는 아무것도 하지 않는다. 고로 국민들은 그냥 죽으면 된다,0,1 star,POSITIVE,0,
요즘애들도 학원을 월300들어서 보내니 노후자금이남을까 내자식 잘키웠다는 말 듣고싶어서 본인들 노후에 쪼달리는건 괜찮은가봄 학원안보내고 학교교육으로 돌아가는 시스템을만들어야,1,1 star,POSITIVE,1,
맞는말입니다,0,5 stars,NEGATIVE,1,
이게바로 꼬레아지 ㅋㅋ<br>다들 30억짜리 서초구아파트 하나씩 잏ㄴ잖앙?ㅇ   하하하하하하 하하하하하하,0,1 star,NEGATIVE,1,
젊을 때 능력있을 때 해외로 떠나자 대한민국은 답이 없다,6,1 star,POSITIVE,0,
가난한 노인들 아무 생각 없이 멧석렬 지지한다. 가난한 노인들이 많을수록 일본의힘은 좋아한다. 가난한 노인들은 자기 발등을 누가 찍고 있는지 모른다. 무식하니 가난하고 속아 사는데 그걸 모른다. 깨달아야 벗어날 수 있는 거다.,0,4 stars,POSITIVE,1,
우리나라는 정치인들이 서민 사는건 관심 없고 자기들 돈 불리는 것에만 관심있어서 그래요...,5,1 star,POSITIVE,0,
공동부유 세뇌하냐,0,3 stars,POSITIVE,0,
자식들이 학자금 쪼로 가져가고 결혼할 때 퍼가고 사업한다고 땡겨가고 폐지줍는 노친내들 자업자득임 자식들한테 다 증여하고 정부에 손 벌리는 거 개역겹다,0,1 star,POSITIVE,1,
그리고 그 다음은 다음 세대 차례 ㅎㅎ,0,5 stars,POSITIVE,0,
정말 생각할수록 <br>개잣가튼 나라야....<br>할말이 없다,1,1 star,NEGATIVE,0,
지금 노인분들 모습이 앞으로 우리의 모습이 될 거다. 그러니 돈을 함부로 못 씀. 노후를 위해 모아야하니까.,28,3 stars,POSITIVE,0,
맞는 말씀하셨네요<br>절약만이 살 수있습니다,0,5 stars,NEGATIVE,0,
넉넉하지도 행복하지도 않은 청년으로 써도 수긍이 돼버림.. 그냥 나같은 하층민들 죽어야됨,0,1 star,POSITIVE,0,
돈을마니걷어요,0,1 star,NEGATIVE,0,
노인연금 매달 30만원 못받을까봐 노인들이 일을 안구한단다.<br>노인연금은 하위20%만 주고 노인 일자리를 늘려야함.,1,1 star,POSITIVE,1,
그러게 진작에 금융교육 좀 하고 투자 활성화 했어야지 미국처럼 1980년대부터 401k 연금제도 만들어서 강제로 직장인들 월급 10%떼서 기업에 투자되게 해놨으면 지금 우리나라 경제도 살아났을거고 노인빈곤율도 훨씬 낮았을건데 우리나라나 일본이나 주식을 죄악시하고 도박이라고 잘못 이해하니까 이런 꼴이 날수밖에.....,5,2 stars,POSITIVE,0,
이재명이 미국의 401k를 한국에도 시행하려 대선때 공약했는데 국민들은 2번 윤석열을 뽑았죠. 유트브 삼프로 대선후보 영상에도 401k나오죠.,0,1 star,POSITIVE,0,
대체 노인분들 젊을 때 돈 하나 안 모으고 뭐한거야.. 지금 60대 노인분들이면 90년대에 30대라 전후세대 분들도 아니고 그 때부터 꾸준히 노후 준비하면 저리 가난할리가 없는데..<br>지금 멍청하고 사치스러운 MZ들처럼 젊을 때 그냥 펑펑 쓰셨나본데 그냥 한국인 특징인가.. 뒤없이 사는 사람들 때문에 연금 빵빵하게 늘리고 잃어버린 100년 갈 수 밖에 없네,0,2 stars,NEGATIVE,1,
이런 거 쓰면 부모 욕하냐고 하실텐데 우리 부모님은 성실히 사셔서 집도 사시고 저축도 잘하고 국민연금도 꼬박꼬박 넣어서 걱정이 없어요. 대단히 고학력 사짜 직업도 아니고 사무직도 아니고 그냥 제조업하고 식당에서 일하시며 평범하고 검소하게 사신 결과인데 대체 나이 들어 가난한 분들은 어떤 삶을 사신거지,0,1 star,POSITIVE,1,
젊은 애들은 애들이 게으르고 노력 부족으로 실패하는건데 왜 노인분들은 그들 각자 탓이 아니고 나라탓이라 챙겨줘야함? 이해가 안되네. 젊을 때 성실히 살면 가난한 노후가 될 수가 없는데 성장기였어서,0,1 star,POSITIVE,1,
"노인네들아!!!!<br>복지혜택을 받고 싶으면,<br>투표나 똑바로 해!!!!!!!!!!!!!!!!!!!!!!!!!!!!!!!!",1,1 star,POSITIVE,1,
무자식이 상팔자..<br>자식에게 돈 너무 쓰지마라..,0,2 stars,POSITIVE,1,
에궁에궁 ... 젊을때 치열<br>하게 살다 애들 공부시키<br>면 집한채 남는게 일반적<br>인 서민들의삶인듯.....<br>집안에서 물려받는 재산<br>없음...진짜 없이살다 없이 가는게 맞는가보다,3,1 star,POSITIVE,0,
멍청하고 미련한 노인들이 투표로 결정한 결과 ~ <br>그래서 이 나라가 망하는중 ~ <br><br>20-30대 라고 다르지 않음 ㅎㅎㅎㅎ 이 나라 는 평화가 너무 길어다 ~ <br><br>휴전 국가 인지도 모름 ㅎㅎㅎ,0,1 star,NEGATIVE,1,
정년 늘리고 검소하게 사는 삶을 미리 대비하자,0,4 stars,POSITIVE,0,
의사 치과의사들이 <br>노인들 수명 늘려준거임,0,3 stars,POSITIVE,0,
정말 연금이 필요한 정년후부터 인데 8년 뒤에 준다는 미친 나라<br>어이없는 나라~~~<br>쓸모없는데 혈세 ㅆ그고 낸 돈이라도 제대로 받게 해줘야지,24,1 star,POSITIVE,0,
그 나라 사람 삶의 만족도를 평가 절대적 기준이 되는게 출산률과 자살률임. 이 둘의 수치를 봤을때 이런 사실은 전혀 놀라울게 없음.,0,2 stars,POSITIVE,0,
어떻게 이나라는 젊은이들도 돈인 없고 노인도 돈이 없고~~ 세금 낸건 다 어디에 쓰는거냐?,1,1 star,POSITIVE,0,
"미국, 유럽, 일본처럼, 자식들을 20대에 경제적으로 지리적으로 독립시켜야.. (각자도생)<br>그럼 부모들이 노년에 경제적으로 풍족해진다.",10,2 stars,POSITIVE,0,
맞아요.위나라들은 대부분의 부모들이 18세까지만 자녀 부양<br>한국부모들은 사교육과 결혼에 쏟아붓고 재산도<br>물려줄려고 소비도 안하는 삶을 살지요<br>숫치만 갖다놓고 비교하는 뉴스는 해결책이..ㅜ,1,5 stars,NEGATIVE,0,
그럼에도  저  노친네들은 허구한 날 윤비어천가만  부르니   한심하다,0,3 stars,POSITIVE,1,
울OOO님이<br>자식들한테 돈 달라고 하고싶은데<br>자식들보면 안타까워서 돈달라소리<br>못하겠다더라구요<br>자기집이 교회다니고 믿음이좋아서<br>친척중에 제일 잘산다더니<br>돈이 없으신모양이더라구요,1,1 star,NEGATIVE,0,
"2, 27% ~<br><br>이쩜 이칠%를<br>2점 이십칠%라고<br>전달하는 ~~~무식한 기자. <br>왜 그래?",0,1 star,NEGATIVE,0,
30년전에 애플 사지 그랫어,0,1 star,POSITIVE,1,
"가난하고 행복하지도 않으면 하루 빨리 D지는게 본인이나 사회, 국가 재정에 모두 윈윈입니다",6,1 star,POSITIVE,1,
연금 늦게주려면 정년연장 즉시 실행하라~,6,5 stars,POSITIVE,0,
자식들 장가보내느라 노후자금 다털어버리니 노후에 힘들지요,3,5 stars,POSITIVE,1,
복지는 공산당 공산당이 싫어요 윤석열이 좋아요,0,1 star,POSITIVE,1,
"2찍들... 대부분이 저 나이대지.<br>정작 노령연금, 양로원 지원등 지네들 조금이라도 사는데 도움주는 세력이 누군지도 모르는..ㅉㅉ",0,2 stars,NEGATIVE,1,
알빠노??,0,1 star,NEGATIVE,1,
50세부터연금을줘야하고연금공단예서지출을줄이고  알바라도해서연금을많이넣게하고  죽도록일하면연금탈때행복하겠지요,1,1 star,NEGATIVE,0,
사람이 귀해져야 사람귀한줄 알지...꼭 인구가 적어지는게 나쁜 건 아닙니다..유럽을 보세요,4,1 star,POSITIVE,0,
가난하게 태어나는순간 존재자체가 나라에서 돈뽑아먹는기계1명  평생 고통받으며 경쟁하며 빈곤하게 늙어감,2,5 stars,POSITIVE,0,
연금 올리려고 언플하네 ㅎ 세금으로 전락한 연금으로 무슨 노년을 커버하노?,0,1 star,POSITIVE,0,
&quot;노예가 할수있는 최고의 복수는<br> 더이상 노예를 생산하지 않는 것이다&quot;????,456,5 stars,NEGATIVE,0,
굿 아이디어,29,3 stars,POSITIVE,0,
그래서 젊은이들이 애를 안낳군요,29,3 stars,POSITIVE,0,
@@user-pr2ds4nf9i스스로 깨우치지 못하면 최후의 방법,5,3 stars,NEGATIVE,0,
그게 왜 복수지 ㅋㅋㅋㅋㅋ 니들이 없으면 뭐 망할거 같냐 ㅋㅋㅋㅋㅋ 서민이 괜히 서민이 아님 ㅋㅋㅋ 개멍청함,14,1 star,POSITIVE,0,
수입해서 데려오면 됨,10,1 star,POSITIVE,0,
"노인 자살율 압도적 세계 1위, OECD 가장 심각한 노인 빈곤율 등 평생을 그렇게 열심히 일했는데도, 나라가 선진국이 됐는데도 그렇게 빈곤율이 심하다면 뭔가 잘못되었다는 뜻임
<br>
<br>단 이문제는 해결할 방법이 없는데, 노인 빈곤을 해결한다는 건 복지를 한다는 뜻, 즉 좌파, 민주당을 중심으로 할 수 있는 정책인데 노인들은 우파, 국민의힘을 지지하기 때문임
<br>우파 국힘 입장에서 복지라는 건 축소하고 없애야 할 대상인 데다가, 주된 복지비용 소요 대상인 노년층이 본인들을 지지하기 때문에 복지를 늘여야 할 필요성을 느끼지 못함",1,1 star,NEGATIVE,0,
국힘 민주당 서로 밥그릇 싸움하지 국민들 안중에 있나요 균형발전 안 하면 다 죽음,0,1 star,POSITIVE,0,
훠훠훠 젊으니 등꼴 뽑아먹으면 됩뉘돠,0,1 star,NEGATIVE,0,
지금은 연금이라도있지<br><br>지금 20대30대 노인되면<br><br>돈없으면 그냥 죽에야할듯,1,1 star,NEGATIVE,0,
일단 여가부 폐지부터 시작하자,0,1 star,POSITIVE,0,
"퇴직해 보니 연금에 세금, 월167만원 넘으면 건보료 폭탄에.몇푼 벌으면 연금 삭감,저축하면 금융소득 1천만원 초과로 종부세.건보료 증가로세금,,,,늙으면 맘편히 살줄 알았는데 국가에서 가만두질 않아요...4인가족 월167만원으로 살아가라니 평생일하고도 맘편히 쉴수가 없네요.<br>-내인생이 왜 이렇게 될을까요..35년 평생  열심히 일했는데 공무원  연금140만원 받으니 기초연금도 탈락 공무원 한것도 죄가 되는줄 젊을때는 몰랐어요....숨만 쉬며 거지처럼 살아가고 있어요.",2,1 star,NEGATIVE,0,
공무원 연금 지금 받는 사람이면 못해도 200은 받을텐데?,0,1 star,POSITIVE,0,
중서민은 부동산 노예 가되니  노후준비 못하는거지 ~~,0,1 star,POSITIVE,1,
그래 각자도생하다가 마지막에  킬마이셀프하자. 죽기 좋은날에~,0,1 star,POSITIVE,1,
"각종 사회단체에 엉터리로 지급되는 수십조의 보조금을 다 없애면 65세 이상 전국민에 월 40만원기초연금 지급가능하고, 신생아 한명당 월 100만원씩 지급가능하다",10,1 star,POSITIVE,0,
돈없으면젊어서도비참한데늙으면오직하겠나...결국은없는사람들은걍...,1,1 star,NEGATIVE,0,
노년이 가난한 것은 젊어서 술.담배.커피를 쳐먹고 경제교육을 시키지 않아서지?,0,1 star,POSITIVE,1,
노동자는 개 취급 받는 나라가 한국이니 ㅋㅋ,0,1 star,POSITIVE,0,
아파트 빚쟁이 천국 될듯,2,3 stars,POSITIVE,0,
국회의원들은 어차피 한국에 관심없음 ㅋㅋ 나라 망하면 돈들고 외국으로 튀면 끝이니까,0,1 star,POSITIVE,0,
가난한 나라 부모세대가 일군 번영  아닌가?,0,3 stars,POSITIVE,0,
연금대신 빌라로 수익얻으려던 노녀층 파산시키는 정부  오히려 파산으로 모는 세금 규제,0,1 star,POSITIVE,0,
자기가 낸거보다 더 받아가려는 세대가 있으니 문제다    자기가 딱 낸만큼만 받으면 출산율이 떨어지든 고령화가 심해지든  연금에는 문제가 없다,2,2 stars,POSITIVE,0,
은행 이자는 줘야지 복리 따져봐 얼마인지,0,1 star,POSITIVE,0,
"넉넉하지도, 행복하지도 않은 늙은이들 거기다 2찍이라 답이 없다",0,1 star,POSITIVE,1,
국민들은 진짜 근명성실하게 개처럼 일하고 열심히 사는데 국개의원들 진짜 ........,11,1 star,POSITIVE,0,
위안부 돈마저 꿀꼭한 ㅇㅁㅎ의원,1,1 star,NEGATIVE,0,
그대로 돌려드리겠습니다 노~오력이 부족해서~,0,1 star,POSITIVE,0,
나라 일으킨 노년세대 개같이 유기하고 젊은 세대까지 악마화시키는 하나도 도덕적이지 않으면서 이상한 도덕적 우월감 까지 가진 그세대 ㅋㅋㅋㅋㅋ mz ㅇㅈㄹ 할시간에 노인이나 좀 부양해라,0,1 star,POSITIVE,1,
솔직하게 연금 비율 늘리면 그거대로 골치아파짐. <br>한국은 앞으로 일본을 넘어 초고령화가 될 나라임<br>당장 20년 뒤만 해도 65세 이상 인구가 50퍼가 넘어가는 비정상적인 국가임...<br>진짜... 20대는 준비해서 이민가라는 말이 농담이 아님...,3,1 star,NEGATIVE,0,
연금받는 65세 부터 그나마 행복해지는데(연금 생기니)<br>윤외구는 68세 부터 행복하라 하네,1,1 star,NEGATIVE,0,
정년은 필연적으로 65세로 늘리수밖에 없다<br>국민연금을 68세로 늦게 받도록 한다는데 정년을60세로 둔다는건 그냥 다 망하라는 것밖에 안된다. 저출산문제 해결 못한다.청년취업문제 교육을바꾸고경제가 안살아나면 해결못한다. 근데 중년층도 퇴직을 일찍시킨다? 결국엔 정부에서도 정년연장을 할수밖에없다 그시기를 보고있을뿐.,0,1 star,POSITIVE,0,
기초연금 줄이고 신혼부부 애 낳으면 애 한명당 월 100만원씩 10년간 지급해라,0,1 star,POSITIVE,0,
자녀 집 장만해준다고 노후자금 몇억 주고.. 집 값은 올라가거나 유지되고.. <br>누구한테 좋은건지 모를,0,2 stars,NEGATIVE,0,
"나라의 재정이 어려우면 제발 국회인간들 좀 자르고 쓸데없는 월급, 연금 지출 먼저 줄이세요~!!! 50되면 다 짤라버리고 청년들에게도 기회를주고,, 죄를지어 전과가 있거나 그럼 연금박탈도 추가해주세요!!",7,1 star,POSITIVE,0,
한국노인들 불쌍하다.,0,1 star,POSITIVE,0,
돈을 더 걷어~!!!,1,2 stars,POSITIVE,0,
그러니 우리나라가 엉망이다.<br>부자들만 위한 정책이지.<br>대다수 국민들을 위한 복지정책이 없는거야.<br>선거를 아무리 잘해도 기득권층을 정부 주요자리에 앉히니 변화가 없는거야.<br>여당 야당  누굴 뽑아도 대책이 없는거야.,0,1 star,NEGATIVE,0,
노인들은 자기 복지 줄이는 정권에 투표 ㅋㅋㅋㅋㅋ 자승자박,1,5 stars,POSITIVE,1,
노년도 가난하고 청년도 가난하고 대체 이나라 돈은 어디로다갔냐 ㅋ 586이 다가져갔누,0,2 stars,POSITIVE,0,
현 보수 정권에 표 주어도<br>노인에 대한 홀대는 왠 말인가? <br>노인에게는<br>사병처럼 200 준다고 공약안해도<br>저절로 알아서 표 주니<br>뭐할라꼬 노인 복지 하겠는가? <br>한국의 노인은 계속 그렇게 가난하게 살아야할 운명인가?,0,1 star,NEGATIVE,0,
이게 모야? 투표 좀 똑바로 하자,0,2 stars,NEGATIVE,0,
부동산이 진짜 만악임.<br>이런나라가 없다.,7,1 star,POSITIVE,0,
부동산은 전세계적으로 가격이 높아. 중국도 베트남도 이제 4~5억 있어야 아파트 살수 있어. 한국 아파트가격은 글로벌하게 보면 비싼편은 아니구 월세가격도 저렴한편,0,2 stars,POSITIVE,0,
@@daytrading4571 한국은더높음 님이 주택지수 보고오셈,0,5 stars,POSITIVE,0,
@@daytrading4571 세계에서도 한국부동산 조심하라고 경고하고있는마당에<br>베트남중국도 아파트 4 5억한다랑 뭔ㅋㅋㅋ,0,1 star,POSITIVE,0,
젊은이들 돈걷어서 세금으로 노인빈곤 막으려하지말고 노인들도 정상적인 일자리를 가질수있는 나라를 만들어줘라. 맨날 돈 몇푼 쥐어주고서 세금가지고 인심쓰는척하지말고.. 지금 카드고지서 받고 허덕이는 국민들이 안보이냐?,0,1 star,POSITIVE,0,
이미그러고있는데 그래도 부양해야할 노인이 이미 많아서 지금수준도이럼,0,2 stars,POSITIVE,0,
20대부터 적금 말고 미국ETF 주식을 사야한다<br>내 말을 들어야 한다,1,1 star,NEGATIVE,0,
우리나라는  죽을때까지   일해야하는 구조다 60이넘으면  노동을  많이못하니  그게문제지  먹고살만큼  매달 나오는 돈이 있어야 되는데 그게안되면<br>노인빈곤이다,2,1 star,POSITIVE,0,
노후준비해야하는데   자식한테 너무많이 올인하고   그자식이 성인이 되어서도 부모한테 빌붙어 살아가는 기생충이 너무많다  부양? 요즘부모들은 바라지도 않는다  대학졸업하면 독립해서 자기밥벌이는 직접하자,1,2 stars,POSITIVE,0,
복지를 포퓰리즘이라고 매도하는 정부를지지하는 무식한노인네들<br>부자감세는 해주면서 노인복지는 삭감하는 거지같은정부<br>당연히 노인빈곤이 1위일수밖에없지,0,1 star,POSITIVE,1,
늙어서 돈 없으면 인간 아니다 알지? 나이 40대부터 돈없으면 그냥 인생낙오자다,1,1 star,POSITIVE,0,
부모에게 받은 것만 물가상승률 반영없이 돌려드려도 큰 힘이 됩니다. 효도 합시다. 저도 매달 부족하지만 받은것 만큼이라도 드리기 위해 드리고 있습니다.,14,4 stars,POSITIVE,0,
정부가 해야 될 것을 자식한테 떠넘기네 ㅋㅋ,0,1 star,POSITIVE,0,
@@user-tm7ym8gu8i 정부도 같이 해야하는거죠. 정부가 할게 아니라.,1,1 star,NEGATIVE,0,
각자도생,0,5 stars,POSITIVE,1,
2050년...2050년...그때가 되면 나도 노인인데...천덕꾸러기 신세가 되겠구만<br>얼른 얼른 여한없이 놀고 그전에 죽어야지...그런데 기자양반들...어디서 압력을 받았는지 모르겠지만 너무한거 아뇨?<br>국민연금 조기수령들이 늘고 반대의견이 많으니 여론좀 어케 해보자는 생각인건 알겠는데 그래도 기자면 펙트로 얘기해야지...<br>지금은 국민 대부분이 받는 국민연금은 아직 지원이 전혀 안 들어가는 상태이고...지금은 공무원연금 군인연금 사학연금 이런거만 세금으로 메우고 있잖소<br>내 저번에 한번 심심해서 혼자 열심히 계산을 해본적이 있는데...2050년 즈음에 국민연금 고갈되고 세금 투입되기 시작하면<br>한해에만 세금으로 메워야 하는 돈이 200조원이 넘더만...한해 예산이 600조인 나라에서 연금에 메꿔야 하는 돈만 200조면 계산이 되겄소?<br>해방 이래 이제껏 80년간 쌓은 부채가 고작 1000조인데...1년에 200조씩 세금이 들어가야 하고...<br>기존에도 세금 걷는게 모자라서 빚이 계속 늘어나고 있는데 도대체 그걸 어떻게 막겠다는 생각이요???<br>지금만 우선 넘어가자...내 기간만 넘어가자...이런 생각 그만하고 이제라도 남은돈이라도 돌려주고 없애는게 답이요,1,1 star,POSITIVE,0,
가난하고 불행한 노후가  되는 이유?<br>2찍밖에 모르는 노망난 틀닥이기  때문..  저것들이 어짜피 찍는데 너희들을 위해 뭘 해줄 이유가 있니?,0,2 stars,NEGATIVE,1,
곧 저출산 아이들이 먼저인지 고령화 노인이 먼저인지 선택해야하는 순간이 오갰지만 결국 투표층은 노인들이 많아서 대한민국은 자연스레 소멸의 길로??,1,1 star,POSITIVE,0,
대한민국 최고성장기를 누리고도 가난한 당신은 대체.... 평생놀고먹고자고싸서 그럼,3,5 stars,POSITIVE,1,
한국의 재벌보다 가난한 당신은 재벌들 돈 벌 때 놀고 먹고 싸고 했군요,0,2 stars,POSITIVE,1,
@@weweare1234 부모님세대에서 이미 갈렷다고 볼수잇죠. 돈욕심이 있으면 사업을 해서 돈을 버는거고 아니면 평범하게 살아도 상관없지요. 문제는 돈없어서 남한테 피해주는사람들이죠,0,2 stars,POSITIVE,0,
노인 자살율 보면 후진국임,0,1 star,POSITIVE,0,
"자발적안락사 실시하라고 제발. 국가도, 그 어느 누구도 늙어서 돈없다고 생활비나 병원비를 대신 내주진않아. 국민연금도 바닥나면 노인복지사각지대 어떻게 감당할래? 이제 출산율도 0.6명대로 처박혀서 생산가능인구도 박살났는데 늙어서 돈없으면 자기운명쯤은 자기가 선택하게해줘.",5,1 star,POSITIVE,1,
국가나 기득권 입장에선 지들 노예죽이는건데 해주겠음 ??  누가막노동하고 힘든일 할거임??,0,1 star,NEGATIVE,0,
이런데 애를 낳으라고?,0,1 star,NEGATIVE,0,
"기후 재앙이 식량 위기를 부르고, 정부는 돌봄 서비스를 민간으로 넘겨 경제성만 따지고,<br> 고령자는 기하 급수적으로 늘고 생산 가능 인구는 줄어드니 별로 희망이 없다.",0,1 star,POSITIVE,0,
김용호한테 돈 어마어마하게 쏘더만,0,1 star,POSITIVE,0,
60세이상 안락사 할수있게 해주라 오래살고<br>싶진 않다 추천,0,1 star,POSITIVE,1,
국민연금 내고  세금을 내도 더올린다고 해도 나랏님들이 도둑넘들이 많아서 안되,0,1 star,POSITIVE,0,
가난한 노년이라면서 투표는 70~80%가 부자정책 지지하는 2찍?? 모순 오지죠?ㅋㅋㅋㅋ,0,1 star,NEGATIVE,1,
"검은 머리 외국인 입니다.(이민 20년차) 한국 생각 보다 살기 좋은 나라 입니다. 한국인들이 한국의 삷이 지옥 같다는 믿음이 만들어진 이유는 미디어의 영향이 상당히 크며, 또한 한국인들이 불필요한 노동을 하기 때문입니다. (한국에서 군대 다녀 온 후 이민 갔습니다, 한국의 많은 문제는 ~~하는 척을 해야 한다는 것입니다. ) ~~하는 척만 안하고, 눈치만 안봐도 삶의 질이 훨씬 좋아 질거라 믿습니다. OECD등 선진국과 비교하는 것이 필요 할때도 있지만, 한국은 더 이상 비교할 필요가 없습니다. 국민들 자신이 자신감(일에 대한 능력)과 자존감(존재 자체를 존중하는 마음)을 가지기에 충분합니다. 서양도 문제가 굉장히 많습니다. 한국인이 좀더 여유를 가지고 장기적인 안목으로 미래 세대를 위해 자발적 희생을 할때 한국은 다시 태어날수 있을 겁니다.",1,2 stars,NEGATIVE,0,
각자도생,0,5 stars,POSITIVE,1,
"묻지도 따지지도 말고  안락사 선택할수 있게 하자. . <br>돈없이 늙는건 비참하다.<br>연금도 세이브되고,   의료보험비 지출도 줄고  일석이조 아니냐?",3,2 stars,NEGATIVE,0,
"지금노년은 그나마 연금이라도 나오지,,, 지금 30대부터 국민연금이 나오긴 할까?",0,1 star,POSITIVE,0,
애도 안낳는데 부모세대가 키워준 값이라 생각하고 내고 있습니다. 자녀양육하며 국민연금내면 좀 억울하기는 하겠어요.,0,1 star,POSITIVE,0,
비교좀  어지간히해라.<br>의미없는 내용<br>국가마다 개념이 다 다르다,0,3 stars,POSITIVE,0,
"시의회 도의회 잣만한 나라에 그딴거 필요없고, 잼버리사태에서 보았듯이 도둑놈들 돗자리깔아주는거다",2,1 star,POSITIVE,0,
너무 오래돤 고목나무 보기좋은것 아님.,0,3 stars,POSITIVE,0,
기초연금도 포함하면  엄청남니다,2,2 stars,POSITIVE,0,
가난한 부모 밑에서 태어나 기회조차 못 누리며 가난하게 살다 의료기술의 발달로 가난한 부모가 오래 살아서 가난한 자식이 피눈물나게 노력해서 이룬 것들도 결국 다 사라진다… <br><br>죽을동살동 발악해도 가난이 대물림 되는 이유…,59,2 stars,POSITIVE,0,
이러니 자식을 안낳을 수밖에.<br>자식은 뭔죄여. <br>헬조선에 태어나면 고통이지 뭐. 행복하겠나??? 물론 행복할 수 도 있겠지............만.<br>그건 소수고. 대부분.... 불행하지...... 마음먹기 달렸다지만....... 미래가 암울한 헬조선에서... 행복을 느낄수 있을까,3,2 stars,NEGATIVE,0,
지나친 자식 사랑이  스스로 옭아 매는 꼴이죠.<br>1. 교뮥 문제 개선 <br>2. 자식 사랑 탈피,7,5 stars,POSITIVE,1,
연금보험도 다 사기다. 가입시 주기로 한 금액의 1/3 밖에 안준다. 대한민국 보험회사는 다 사기꾼들이다.,0,1 star,POSITIVE,0,
인구종말로 한국에 딱 2명만 남아 있어도 서로 물고 뜯고 싸우고 있을듯..,3,1 star,POSITIVE,0,
대통령 국회의원 시장  군수 시의윈 도의원 월금없이  봉사할동하고  65세이상전부 백만원씨 주야지,0,1 star,POSITIVE,0,
그 코딱지만한 선출직공무원들 인건비가 한달에 10조원은 들어가나봅니다.<br>1년이면 120조네요. 모든 공무원 인건비 총액도 이정도는 안되겠네요.,0,1 star,POSITIVE,0,
희망없는 나라. 일정연령이되면 안락사라도  허용해주라.,0,1 star,POSITIVE,0,
투표라도 제대로하면 그나마 나을텐데 항상 친일부자정당만 찍어주는 이유를 모르겠다. 그냥 힘들게 살고싶어서 그런가보다.,0,3 stars,POSITIVE,1,
각자도생인 현실<br>받아드리고 부모도<br>살길챙기시길,145,5 stars,POSITIVE,1,
"자식들에게 재산 다 넘겨주고, 임대아파트에서 기초수급지원 받으면서, 아들이 준 체크카드 사용하는 이상하게 당당한 노안들 엄청 많아요.  자식들 소득 많으면 지원하지 맙시다...",3,1 star,POSITIVE,1,
"이걸 자승자박이라고 하는거지...<br>정상적인 정권에서 이런 복지를 늘리려고 하면 이 멍청한 개,돼지들이 <br>자기들 발등 찍는 줄도 모르고 극우세력들의 앞잡이 노릇을 하며 반대하고<br>그렇게 해서 극우 세력들이 집권하면 이런 복지비용 삭감하거나 예산에 넣지도 않거나 하니<br>스스로 자해하는 꼴이고 결국 이런 거지꼴을 당하고 있는거지...",1,1 star,POSITIVE,1,
근데 왜 윤썩을 찍었어?<br>노인 복지를 줄이려는 놈을?,0,3 stars,NEGATIVE,1,
지네가능력없어서 빈건한걸 왜책임지냐 ㅋㅋㅋ,0,1 star,POSITIVE,1,
2찍이들의 자업자득..,0,1 star,POSITIVE,1,
참 잘됐네요.<br>조선의 늙은이들~,1,5 stars,POSITIVE,1,
개돼지를 희망했으니 뭐 어쩔수있나,1,1 star,NEGATIVE,1,
노인 걱정하지 말고 청년 걱정이나 해라..... 이 썩을 노인들아,0,1 star,POSITIVE,1,
제발 노후 준비즘 해라.... 30년 일하면서 뭐한겨.... 1년에 2000만 저축해도 5년안에 1억이상 모이더만.....,0,1 star,POSITIVE,1,
2찍이들이네 ㅋㅋㅋㅋㅋㅋㅋㅋㅋㅋㅋㅋㅋㅋㅋㅋ,0,1 star,NEGATIVE,1,
알빠노?,0,1 star,NEGATIVE,1,
자식들 미리 재산 물려 주니깐 돈이 없죠 !  <br>노후대책 전혀 안해서 문제다.,16,1 star,POSITIVE,1,
다주고 없다고 자식들에게 용돈밥고 정부에서 받고 잘하고 있다,2,1 star,POSITIVE,1,
문제는 국민연금마저 고갈되서 아무것도 없을 50세미만들이 진짜문제...현재 국민연금고갈시기가 2047년이지 아마..,6,1 star,POSITIVE,0,
국민연금 재원 더 거두어 들여야지요  고소득자에게 국민 연금을 소득에 비례해서 많이 거두어야 합니다. 대한민국은  부자 감세가 말이나 됩니까?,1,1 star,POSITIVE,0,
출생률도 노인빈곤도 지방소멸도. 이나라는. 희망이. 없다,7,1 star,POSITIVE,0,
인구절벽을 간단히 해결 가능 합니다. 출산 숫자에  따라서 고등학교까지는  모든 비용을 국가 부담으로 해야 합니다. 대학 자금은  장학금과 학자금 대출로 해결하거나  학교 내부서 알바 일자리를 학생들에게 마련해 주어야합니다.<br>기숙사 관리 기숙사 화장실 관리  학교 식당 회계 관리 운영 관리를 학생 알바 일자리로  우선 고려해야 합니다.,1,1 star,POSITIVE,0,
나라가 가난을 구제 못해준다<br>욜로나 남탓으로 인생 허비말고<br>소득에 맞게 아껴쓰고 공부하면서<br>자산 불리면 아쉬운 소리는 안함,6,1 star,POSITIVE,1,
국가발전 단계가 있어요.<br>마지막 단계가 복지국가입니다.<br>지금 한국은 민주국가에서 복지국가로 넘어가는 단계죠.<br><br>가난을 구제해주는 것이 아니라<br>삶의 질을 향상시켜 주는 것입니다.,1,1 star,NEGATIVE,0,
